rank	molecularFormula	adduct	precursorFormula	ZodiacScore	SiriusScore	TreeScore	IsotopeScore	numExplainedPeaks	explainedIntensity	medianMassErrorFragmentPeaks(ppm)	medianAbsoluteMassErrorFragmentPeaks(ppm)	massErrorPrecursor(ppm)	lipidClass	ionMass	retentionTimeInSeconds	id
1	C20H32O5	[M - H]-	C20H32O5	0.9999999999999999	242.9927400423012	239.09811647120057	3.894623571100625	34	0.7365442172332491	1.0964121030691827	1.0996670672650786	-0.1318405318009214		351.21765	188.064	129_20230404_LFX_OK_226_VGF136_C08_1_neg_129
2	C20H30O6	[M - H]-	C20H30O6	0.9999999999999999	169.0499058382904	165.25477800113228	3.795127837158129	34	0.5499989166353487	0.30660580911980617	0.7569534571288067	-49318.19433651856		365.19669	170.227	107_20230404_LFX_OK_226_VGF136_C08_1_neg_107
3	C18H28O4	[M - H]-	C18H28O4	0.9999999999999999	156.87545302123914	153.22558951876778	3.649863502471369	24	0.6641950680504575	-0.5309756570165965	0.6630825728427061	0.6444975758397236		307.19168	221.484	162_20230404_LFX_OK_226_VGF136_C08_1_neg_162
4	C26H30O10	[M - H]-	C26H30O10	0.9999999999999999	144.31891235298372	135.77918507420847	8.539727278775251	33	0.7607088799901321	0.8992351177598994	0.8992351177598994	-0.5789210015174997		501.17633	132.193	60_20230404_LFX_OK_226_VGF136_C08_1_neg_60
5	C18H30O4	[M - H]-	C18H30O4	0.9999999999999999	143.50518029649356	139.6603496249049	3.8448306715886593	30	0.822153871723423	0.7040019933558348	0.7962622781908602	-58247.18889189424		309.20724	214.813	154_20230404_LFX_OK_226_VGF136_C08_1_neg_154
6	C18H30O5	[M - H]-	C18H30O5	0.9999999999999999	141.15508149551678	137.41939002191089	3.7356914736059044	36	0.7634289010447907	0.7815175171956267	0.7815175171956267	-0.34684128301529343		325.20193	178.632	116_20230404_LFX_OK_226_VGF136_C08_1_neg_116
7	C18H28O5	[M - H]-	C18H28O5	0.9999999999999999	127.29143675177714	123.58452352129595	3.706913230481198	22	0.4906872018138516	0.05107836263122009	0.5947626036818461	-0.2714516476933935		323.18631	164.053	102_20230404_LFX_OK_226_VGF136_C08_1_neg_102
8	C18H30O6	[M - H]-	C18H30O6	0.9999999999999999	127.26879576194038	123.53486076296429	3.7339349989760993	24	0.6818364281816309	-0.3753064625861756	0.6017368495741274	-52786.51535310493		341.19693	148.878	83_20230404_LFX_OK_226_VGF136_C08_1_neg_83
9	C17H36NO6	[M + Cl]-	C17H36NO6	0.9999999999999999	108.83645679812868	108.83645679812868	0.0	22	0.5379461298573011	-0.39404440971171223	0.6972133560692297	-0.23974276880999001		385.22357	133.43	67_20230404_LFX_OK_226_VGF136_C08_1_neg_67
10	C20H32O6	[M - H]-	C20H32O6	0.9999999999999999	107.72048589726325	103.86129906154812	3.8591868357151204	38	0.7502261013258745	0.24753936749220584	0.7146986199412687	-49047.206746898955		367.21243	175.935	109_20230404_LFX_OK_226_VGF136_C08_1_neg_109
11	C11H32N9O2S	[M - H]-	C11H32N9O2S	0.9999999999999999	107.46385826477017	107.33420155285253	0.12965671191762973	20	0.5813590026072345	0.8342361075525593	0.8342361075525593	0.7937523380446361		353.23297	177.014	112_20230404_LFX_OK_226_VGF136_C08_1_neg_112
12	C20H30O5	[M - H]-	C20H30O5	0.9999999999999999	106.42637460296037	102.57445741635946	3.8519171866009003	24	0.46745095468708364	-0.039669830884987614	0.5326780239574882	-0.58518073322983		349.20184	186.939	128_20230404_LFX_OK_226_VGF136_C08_1_neg_128
13	C18H28O4	[M - H]-	C18H28O4	0.9999999999999999	102.73248570713359	98.86146737340496	3.871018333728622	31	0.8763536088396057	-0.14854999393254997	0.40368173279869535	-0.24959653135326987		307.19141	191.439	132_20230404_LFX_OK_226_VGF136_C08_1_neg_132
14	C19H30O5	[M - H]-	C19H30O5	0.9999999999999999	94.07709875362572	90.24809014240799	3.8290086112177266	18	0.6533067722787375	0.45308522126510437	0.9938007803877029	-0.06299108627529776		337.20203	179.721	118_20230404_LFX_OK_226_VGF136_C08_1_neg_118
15	C17H24O2	[M + CH2O2 - H]-	C18H26O4	0.9999999999999999	92.62197545961348	89.90485676472541	2.717118694888075	19	0.5884073483917892	0.20035083317338725	0.4770325343550603	-0.26911537823830145		305.17575	202.71	143_20230404_LFX_OK_226_VGF136_C08_1_neg_143
16	C11H32N9O3S	[M - H]-	C11H32N9O3S	0.9999999999999999	87.44325022932603	87.44325022932603	0.0	30	0.8267065835436411	0.08953821390557928	0.5105877743707182	-97557.260723795		369.22787	156.683	94_20230404_LFX_OK_226_VGF136_C08_1_neg_94
17	C19H30O6	[M - H]-	C19H30O6	0.9999999999999999	85.93927956249162	82.10015803406864	3.8391215284229814	17	0.17877285292132794	0.0996250147915434	0.5486303996771535	-101985.3888927179		353.19714	143.094	75_20230404_LFX_OK_226_VGF136_C08_1_neg_75
18	C38H77N4O4	[M - H]-	C38H77N4O4	0.9999999999999999	85.00643714057921	76.2071771293018	8.799260011277408	22	0.7240595373132186	0.7969841503142685	0.8546349877660775	0.5822318992329861		652.58759	454.989	214_20230404_LFX_OK_226_VGF136_C08_1_neg_214
19	C19H32O5	[M - H]-	C19H32O5	0.9999999999999999	82.996729963266	79.15992162456278	3.8368083387032264	16	0.733836371500686	0.8607271757205656	1.18593778714858	-0.49636301161418706		339.21753	177.552	114_20230404_LFX_OK_226_VGF136_C08_1_neg_114
20	C18H30O7	[M - H]-	C18H30O7	0.9999999999999999	82.42485960991891	78.98328735772381	3.4415722521951033	13	0.389754751076071	-1.0961616159465786	1.2508315755753203	0.5621311946150502		357.19208	124.481	52_20230404_LFX_OK_226_VGF136_C08_1_neg_52
21	C18H28O6	[M - H]-	C18H28O6	0.9999999999999999	80.63034206536602	76.87388797770964	3.75645408765638	12	0.36145083589396765	-0.023091221633966263	0.774926926550687	-0.38121979584726257		339.18118	146.779	79_20230404_LFX_OK_226_VGF136_C08_1_neg_79
22	C18H34O5	[M - H]-	C18H34O5	0.9999999999999999	80.48354115586696	76.70038260918786	3.783158546679102	11	0.6186730690774366	0.3826059217760062	0.7535767579466899	0.2466917437564986		329.23343	182.462	123_20230404_LFX_OK_226_VGF136_C08_1_neg_123
23	C29H46O15	[M + CH2O2 - H]-	C30H48O17	0.9999999999999999	80.24365386613287	74.40822674716105	5.835427118971822	16	0.6969229533081189	1.1359875687994092	1.1359875687994092	0.2500185651612534		679.28204	220.942	161_20230404_LFX_OK_226_VGF136_C08_1_neg_161
24	C20H34O4	[M - H]-	C20H34O4	0.9999999999999999	77.5003931960488	73.5378678984997	3.962525297549111	19	0.7345922636485372	0.4355125902356939	0.9079410579473468	-0.08835173178747567		337.23840	155.584	91_20230404_LFX_OK_226_VGF136_C08_1_neg_91
25	C18H32O5	[M - H]-	C18H32O5	0.9999999999999999	76.74581693228048	72.87902312303308	3.866793809247403	20	0.7352850223447489	-0.27048784400020787	0.5171917743870186	-55041.48849809241		327.21771	156.683	96_20230404_LFX_OK_226_VGF136_C08_1_neg_96
26	C18H30O4	[M - H]-	C18H30O4	0.9999999999999999	76.68674700813193	72.77541231892617	3.9113346892057534	14	0.5826597629057682	0.2408533378772667	0.34753930120187193	-0.032939652208629475		309.20712	259.585	182_20230404_LFX_OK_226_VGF136_C08_1_neg_182
27	C9H30N9O3S	[M - H]-	C9H30N9O3S	0.9999999999999999	75.52654369635623	75.52654369635623	0.0	17	0.2923250125827288	1.0431757797789885	1.133875075537565	-52475.79172038859		343.21219	119.431	46_20230404_LFX_OK_226_VGF136_C08_1_neg_46
28	C20H30O4	[M - H]-	C20H30O4	0.9999999999999999	74.29688457384012	70.5212058399182	3.7756787339219198	16	0.46883898458111783	1.2223889217808936	1.2582955279776555	0.06102030774801937		333.20715	185.389	127_20230404_LFX_OK_226_VGF136_C08_1_neg_127
29	C19H30O4	[M - H]-	C19H30O4	0.9999999999999999	71.68143926287149	67.89568160172318	3.7857576611483084	12	0.5719698535119246	0.21986001108531622	0.45474882171896874	0.15830897851310297		321.20718	221.484	163_20230404_LFX_OK_226_VGF136_C08_1_neg_163
30	C18H32O4	[M - H]-	C18H32O4	0.9999999999999999	70.75805070111801	67.00223004473008	3.7558206563879244	28	0.8410878317108665	-0.11829949319978855	0.3348652503450169	-0.7016028675394158		311.22256	232.783	165_20230404_LFX_OK_226_VGF136_C08_1_neg_165
31	C39H79N4O4	[M - H]-	C39H79N4O4	0.9999999999999999	69.31345471347097	62.80152744160495	6.511927271866027	18	0.6974374690548881	0.41635650116459877	0.4722984525116637	-0.10853957742651983		666.60278	481.843	216_20230404_LFX_OK_226_VGF136_C08_1_neg_216
32	C19H30N6O5	[M - H]-	C19H30N6O5	0.9999999999999999	68.12639977680843	64.37629358977115	3.750106187037281	15	0.3080515929920166	0.8275093781162255	0.9215791649114646	0.5021526458873833		421.22070	177.014	113_20230404_LFX_OK_226_VGF136_C08_1_neg_113
33	C18H30O3	[M - H]-	C18H30O3	0.9999999999999999	66.59473246256162	62.936904393825024	3.6578280687366	16	0.557491602237195	0.7152069225973785	0.7998186157263183	0.21112870174846546		293.21228	278.336	189_20230404_LFX_OK_226_VGF136_C08_1_neg_189
34	C15H24O4	[M - H]-	C15H24O4	0.9999999999999999	66.29959955637284	62.469986698215116	3.829612858157722	12	0.6517975062019357	0.4925228649468786	0.9403038914556374	-0.09936328019906017		267.16016	136.682	70_20230404_LFX_OK_226_VGF136_C08_1_neg_70
35	C18H30O6	[M - H]-	C18H30O6	0.9999999999999999	63.96043048616232	60.25459112066786	3.705839365494464	11	0.5623209780714951	0.842504455251129	0.842504455251129	-0.3629840294093081		341.19684	198.294	140_20230404_LFX_OK_226_VGF136_C08_1_neg_140
36	C21H36O8	[M - H]-	C21H36O8	0.9999999999999999	63.79466588699698	60.5944639064411	3.2002019805558817	13	0.7225798900929938	1.2204859545744249	1.2204859545744249	-43375.23015155582		415.23346	179.721	119_20230404_LFX_OK_226_VGF136_C08_1_neg_119
37	C18H28O5	[M - H]-	C18H28O5	0.9999999999999999	62.80899165223562	58.945777318225446	3.863214334010174	18	0.8016291073788165	0.907846524316412	0.9868230314979378	-0.2714516476933935		323.18631	191.993	133_20230404_LFX_OK_226_VGF136_C08_1_neg_133
38	C18H34O5	[M - H]-	C18H34O5	0.9999999999999999	62.55700486672099	58.67327461572086	3.8837302510001286	12	0.7246473961301624	0.4806580346879274	0.6257165933707874	-0.03138675373725053		329.23334	167.982	104_20230404_LFX_OK_226_VGF136_C08_1_neg_104
39	C29H40O14	[M - H]-	C29H40O14	0.9999999999999999	61.470494971915016	55.136982880170905	6.333512091744108	14	0.7318419196930214	0.13335570232896668	0.9587105490639243	-58931.82073042129		611.23450	132.193	61_20230404_LFX_OK_226_VGF136_C08_1_neg_61
40	C26H36O14	[M - H]-	C26H36O14	0.9999999999999999	61.36317304578213	57.510037082889355	3.8531359628927806	17	0.770964092112436	-0.012685209558200594	0.5070067606897599	-0.18273693693546084		571.20313	115.996	42_20230404_LFX_OK_226_VGF136_C08_1_neg_42
41	C21H36O8	[M - H]-	C21H36O8	0.9999999999999999	60.063614672111626	56.26750351662926	3.7961111554823677	21	0.9195403707303863	0.7951323476988796	0.8458719316780465	-0.9000721436880437		415.23337	156.683	95_20230404_LFX_OK_226_VGF136_C08_1_neg_95
42	C9H14O3	[M - H]-	C9H14O3	0.9999999999999999	59.278808608831454	55.983063044558016	3.295745564273439	8	0.9840864568039441	0.5963476697805992	0.5963476697805992	-0.07239276026838655		169.08701	163.494	101_20230404_LFX_OK_226_VGF136_C08_1_neg_101
43	C18H28O3	[M - H]-	C18H28O3	0.9999999999999999	59.116125098188284	55.247060091970795	3.8690650062174914	15	0.4542386211826042	0.21823221655934827	0.7034491737392329	-0.22534048984098243		291.19650	259.585	181_20230404_LFX_OK_226_VGF136_C08_1_neg_181
44	C18H30O4	[M - H]-	C18H30O4	0.9999999999999999	58.11551894209893	54.35369446972451	3.761824472374419	23	0.7467376792889429	0.06575657393793957	0.2619014896534546	0.06575657393793957		309.20715	180.263	121_20230404_LFX_OK_226_VGF136_C08_1_neg_121
45	C16H24O5	[M - H]-	C16H24O5	0.9999999999999999	57.651072865931894	53.87106929866392	3.780003567267974	15	0.8946248107796474	-0.07001021859691844	0.3502580506196233	-0.3341858107468374		295.15500	185.389	125_20230404_LFX_OK_226_VGF136_C08_1_neg_125
46	C32H48N2O7S	[M + Cl]-	C32H48N2O7S	0.9999999999999999	57.64238522232683	57.64238522232683	0.0	18	0.8843872166246057	0.3425860021428598	0.5952485684647524	-0.80521083865628		639.28711	210.88	151_20230404_LFX_OK_226_VGF136_C08_1_neg_151
47	C12H18O5	[M - H]-	C12H18O5	0.9999999999999999	56.43318386779543	52.853008180999076	3.5801756867963492	10	0.7681829283295726	0.22756140568749395	0.5759249945435299	-0.4769536123662679		241.10803	128.1	58_20230404_LFX_OK_226_VGF136_C08_1_neg_58
48	C27H36O14	[M - H]-	C27H36O14	0.9999999999999999	55.90382923051694	52.12617129678263	3.7776579337343095	19	0.7076759370523498	0.2690488888342638	0.7022525899375898	-0.7022525899375898		583.20282	123.782	51_20230404_LFX_OK_226_VGF136_C08_1_neg_51
49	C41H81NO7	[M - H]-	C41H81NO7	0.9999999999999999	55.04377475988567	46.009223772027894	9.03455098785778	12	0.8926101231523088	0.7110971183890156	0.7110971183890156	-0.3098291879273127		698.59381	454.989	213_20230404_LFX_OK_226_VGF136_C08_1_neg_213
50	C27H38O14	[M - H]-	C27H38O14	0.9999999999999999	54.583068419162	50.749237327676944	3.8338310914850546	10	0.6482153569933017	1.0349769787021867	1.0349769787021867	-61551.78522887285		585.21875	115.996	44_20230404_LFX_OK_226_VGF136_C08_1_neg_44
51	C18H28O3	[M - H]-	C18H28O3	0.9999999999999999	53.35457077397933	49.61086238171995	3.7437083922593866	16	0.5617585779630134	-0.20152077612211364	0.476950858373699	-61850.546079252475		291.19647	216.518	157_20230404_LFX_OK_226_VGF136_C08_1_neg_157
52	C20H30O4	[M - H]-	C20H30O4	0.9999999999999999	52.87960990656594	48.96829955630989	3.911310350256055	14	0.6990055064656189	0.4390853386314933	0.6181201502605693	-54051.80432293603		333.20724	217.787	159_20230404_LFX_OK_226_VGF136_C08_1_neg_159
53	C33H36N9O12P	[M - H]-	C33H36N9O12P	0.9999999999999999	52.769651704827865	50.91251468878562	1.857137016042242	19	0.5148376990046803	0.3208879369166316	0.477249246973542	-0.21420435506786134		780.21466	235.348	168_20230404_LFX_OK_226_VGF136_C08_1_neg_168
54	C15H20O8	[M - H]-	C15H20O8	0.9999999999999999	51.363466466832264	47.70767758653884	3.6557888802934193	11	0.5550050253437527	0.36534672188108064	0.5127119326237447	-55060.26528990709		327.10843	48.147	16_20230404_LFX_OK_226_VGF136_C08_1_neg_16
55	C36H36N2O8	[M - H]-	C36H36N2O8	0.9999999999999999	50.38087775286252	41.395915341061034	8.984962411801483	16	0.8845916541998773	-0.19178484075839713	0.24959380447345975	0.06344155354762086		623.23993	167.982	105_20230404_LFX_OK_226_VGF136_C08_1_neg_105
56	C16H24N4O4S2	[M + Cl]-	C16H24N4O4S2	0.9999999999999999	49.34703614190818	49.34703614190818	0.0	18	0.7353355259303292	0.2173764971688403	0.9582972146626352	-0.36511601196226173		435.09314	78.349	28_20230404_LFX_OK_226_VGF136_C08_1_neg_28
57	C21H34O8	[M - H]-	C21H34O8	0.9999999999999999	48.71491125497096	45.30442756069118	3.4104836942797787	10	0.44056386408455445	0.44805890165300355	0.8180534960280306	-87171.99145289748		413.21817	162.257	100_20230404_LFX_OK_226_VGF136_C08_1_neg_100
58	C18H32O5	[M - H]-	C18H32O5	0.9999999999999999	46.236811015831975	42.52096262632115	3.715848389510822	7	0.4592550885451765	1.0112723482671742	1.0112723482671742	0.2315448509105846		327.21777	215.379	155_20230404_LFX_OK_226_VGF136_C08_1_neg_155
59	C16H32N4O5	[M + Cl]-	C16H32N4O5	0.9999999999999999	44.87734774170917	44.87734774170917	0.0	11	0.2672121031385983	0.19188860601914984	0.6412795174436097	0.13838405495127087		395.20673	155.584	93_20230404_LFX_OK_226_VGF136_C08_1_neg_93
60	C18H32O3	[M - H]-	C18H32O3	0.9999999999999999	44.750863939973854	40.9200230439446	3.8308408960292537	13	0.8273690533221744	-0.2512267121671885	0.7064018653002402	-0.3920578654963568		295.22775	299.701	197_20230404_LFX_OK_226_VGF136_C08_1_neg_197
61	C18H30O4	[M - H]-	C18H30O4	0.9999999999999999	44.30505691768742	38.98818777764968	5.316869140037744	7	0.26746143474461953	0.11152278426395049	0.19222277293484571	0.06575657393793957		309.20715	144.8	77_20230404_LFX_OK_226_VGF136_C08_1_neg_77
62	C15H10O5	[M - H]-	C15H10O5	0.9999999999999999	44.01773432034505	40.26931690942995	3.7484174109150956	14	0.5193963226274879	0.16341913360928725	0.7602896045791053	-0.054791272030818884		269.04553	143.661	76_20230404_LFX_OK_226_VGF136_C08_1_neg_76
63	C12H18O4	[M - H]-	C12H18O4	0.9999999999999999	43.80125571451886	40.26793925662083	3.5333164578980307	11	0.8567235010416332	0.38571363352324217	0.5638532563758331	-80006.67653495735		225.11324	137.257	72_20230404_LFX_OK_226_VGF136_C08_1_neg_72
64	C20H36O7	[M - H]-	C20H36O7	0.9999999999999999	43.25506153471447	39.45764462439528	3.7974169103191944	11	0.31274598405521387	0.5921274178670781	0.8372844134840433	-93021.12765828957		387.23859	149.414	85_20230404_LFX_OK_226_VGF136_C08_1_neg_85
65	C10H18O4	[M - H]-	C10H18O4	0.9999999999999999	42.257431227888226	37.206542732780484	5.05088849510774	7	0.8057109268112352	0.19188860601914984	0.5168324951379315	-0.5168324951379315		201.11313	129.224	59_20230404_LFX_OK_226_VGF136_C08_1_neg_59
66	C17H28N6O4	[M - H]-	C17H28N6O4	0.9999999999999999	42.12452596372687	36.66668849898385	5.4578374647430135	8	0.29947961910378157	0.3568973933523642	0.5171590381001868	0.6530326822383062		379.21017	278.72	190_20230404_LFX_OK_226_VGF136_C08_1_neg_190
67	C16H12O5	[M - H]-	C16H12O5	0.9999999999999999	41.97975107638694	38.18700596631759	3.792745110069345	8	0.775060327807975	-0.13936969697333595	0.3321184886971943	-63628.19111081372		283.06110	114.051	41_20230404_LFX_OK_226_VGF136_C08_1_neg_41
68	C18H32O4	[M - H]-	C18H32O4	0.9999999999999999	41.73595284357805	37.93057373774059	3.8053791058374586	11	0.23631379018895057	-0.05052502114293636	0.5412470955375509	-57870.03336293808		311.22287	211.298	152_20230404_LFX_OK_226_VGF136_C08_1_neg_152
69	C40H79NO7	[M - H]-	C40H79NO7	0.9999999999999999	41.60623508246682	34.5750068689316	7.0312282135352175	8	0.8168420350256665	0.44323883720312623	0.44323883720312623	0.5228553483449614		684.57874	422.526	209_20230404_LFX_OK_226_VGF136_C08_1_neg_209
70	C17H26O4	[M - H]-	C17H26O4	0.9999999999999999	39.35315514533313	35.566305047438625	3.786850097894506	8	0.9583611894610873	0.37663082478659515	0.5663758578933016	0.1362418555477876		293.17587	204.903	148_20230404_LFX_OK_226_VGF136_C08_1_neg_148
71	C12H20O5	[M - H]-	C12H20O5	0.9999999999999999	37.61807748288984	34.05244568122387	3.565631801665964	6	0.35684433788174497	0.08236722304939256	0.37017834516237463	-0.5760909840603491		243.12366	109.749	40_20230404_LFX_OK_226_VGF136_C08_1_neg_40
72	C20H36O3	[M - H]-	C20H36O3	0.9999999999999999	34.647226897908794	30.703148883485465	3.9440780144233285	5	0.932363229350367	0.1585334001450175	0.2501519170499911	-0.04110161061017079		323.25916	376.758	206_20230404_LFX_OK_226_VGF136_C08_1_neg_206
73	C20H34O7	[M - H]-	C20H34O7	0.9999999999999999	34.59832885677049	30.84580930637183	3.7525195503986644	7	0.7601767368277356	0.2774898829160693	0.4328896421513059	-93508.12908370025		385.22284	105.28	34_20230404_LFX_OK_226_VGF136_C08_1_neg_34
74	C18H19NO4	[M - H]-	C18H19NO4	0.9999999999999999	34.41401148021315	30.804914841912947	3.609096638300203	11	0.7248384634547983	0.3192156004124466	0.42491875845687554	-0.05333030768701525		312.12411	121.979	49_20230404_LFX_OK_226_VGF136_C08_1_neg_49
75	C6H2N6O3P2S3	[M - H]-	C6H2N6O3P2S3	0.9999999999999999	34.22816729170384	34.22816729170384	0.0	8	0.4230421720731151	-0.48420934450368425	0.48420934450368425	-0.6522816765137938		362.87506	333.016	203_20230404_LFX_OK_226_VGF136_C08_1_neg_203
76	C16H22O4	[M - H]-	C16H22O4	0.9999999999999999	33.41356770718947	29.615188426985956	3.7983792802035152	7	0.6265548826714471	-0.3356900969801108	0.3356900969801108	-0.3356900969801108		277.14444	185.389	126_20230404_LFX_OK_226_VGF136_C08_1_neg_126
77	C20H30O4	[M + CH2O2 - H]-	C21H32O6	0.9999999999999999	33.364323479054285	33.364323479054285	0.0	5	0.2067013821932549	0.5915669472006181	0.5915669472006181	-0.15126152348518215		379.21255	190.319	131_20230404_LFX_OK_226_VGF136_C08_1_neg_131
78	C15H12O4	[M - H]-	C15H12O4	0.9999999999999999	33.295325587451075	29.535792723438544	3.759532864012532	10	0.4645249930023249	-0.07201903106453698	0.3964343213363891	0.18639914263210336		255.06633	194.343	135_20230404_LFX_OK_226_VGF136_C08_1_neg_135
79	C18H32O3	[M - H]-	C18H32O3	0.9999999999999999	33.08845304344506	29.218677110924666	3.869775932520391	8	0.8240262717594145	-0.06636282139303129	0.6272779127700024	-0.2886882240671164		295.22778	271.6	188_20230404_LFX_OK_226_VGF136_C08_1_neg_188
80	C32H46N4O14	[M - H]-	C32H46N4O14	0.9999999999999999	32.61156380183555	26.098085956181407	6.513477845654146	7	0.5136712642745265	0.29199696594641894	0.35051224033997147	-0.535326873008963		709.29340	244.616	175_20230404_LFX_OK_226_VGF136_C08_1_neg_175
81	C20H22O6	[M - H]-	C20H22O6	0.9999999999999999	32.367294691724574	28.554573520718485	3.8127211710060873	6	0.3686749888321006	0.8146010862444342	0.8146010862444342	-0.9205753412008776		357.13403	148.316	81_20230404_LFX_OK_226_VGF136_C08_1_neg_81
82	C15H14O6	[M - H]-	C15H14O6	0.9999999999999999	32.00757542188897	28.23011894217588	3.77745647971309	7	0.1006739011796622	-0.5412245831700727	0.6889218869998809	-0.3682217541309861		289.07166	55.77	18_20230404_LFX_OK_226_VGF136_C08_1_neg_18
83	C29H25NO5	[M - H]-	C29H25NO5	0.9999999999999999	31.927329087696233	29.074205904845062	2.8531231828511703	14	0.27597731345205434	0.49707778848621686	0.49707778848621686	-38635.611126754964		466.16595	196.035	137_20230404_LFX_OK_226_VGF136_C08_1_neg_137
84	C41H81NO5	[M + CH2O2 - H]-	C42H83NO7	0.9999999999999999	31.60494201182821	31.60494201182821	0.0	4	0.18651475837954723	0.28352925699698284	0.2881361297895359	-0.2532573558335907		712.60950	481.843	215_20230404_LFX_OK_226_VGF136_C08_1_neg_215
85	C17H14O7	[M - H]-	C17H14O7	0.9999999999999999	31.194692818495337	23.54236437273481	7.652328445760526	6	0.2554467387570664	0.8645556251859592	0.8645556251859592	0.013894733017333153		329.06668	160.578	99_20230404_LFX_OK_226_VGF136_C08_1_neg_99
86	C42H42N3O6P3	[M - H]-	C42H42N3O6P3	0.9999999999999999	30.524604688189598	30.524604688189598	0.0	11	0.390649949274951	0.508677759797244	0.5482114906127908	0.16371631330538072		776.22150	235.348	169_20230404_LFX_OK_226_VGF136_C08_1_neg_169
87	C17H14O6	[M - H]-	C17H14O6	0.9999999999999999	30.38470744408969	26.866364391158825	3.5183430529308612	4	0.8091546705949338	0.4918286632927482	0.4918286632927482	0.14739563733284713		313.07181	199.434	141_20230404_LFX_OK_226_VGF136_C08_1_neg_141
88	C36H62O10	[M - H]-	C36H62O10	0.9999999999999999	30.024580841507508	23.440095050924256	6.584485790583253	6	0.4213283143672464	0.583404918946673	0.583404918946673	0.7169922792340243		653.42749	382.427	207_20230404_LFX_OK_226_VGF136_C08_1_neg_207
89	C18H26O3	[M - H]-	C18H26O3	0.9999999999999999	29.721543283987526	25.8511103141657	3.8704329698218225	7	0.2936002641295747	-0.40368173279869535	1.079872790956742	-0.14023874220418103		289.18088	188.626	130_20230404_LFX_OK_226_VGF136_C08_1_neg_130
90	C41H83NO7	[M - H]-	C41H83NO7	0.9999999999999999	29.527683794420014	22.581334357542296	6.946349436877717	4	0.7791190550422619	0.07608714071690505	0.19577461702063673	0.700693686563551		700.61017	494.26	217_20230404_LFX_OK_226_VGF136_C08_1_neg_217
91	C21H36O7	[M - H]-	C21H36O7	0.9999999999999999	29.06801982857945	22.708798401338044	6.35922142724141	7	0.4107610744482347	1.0413509430252803	1.0413509430252803	-0.44980357758493206		399.23865	216.518	156_20230404_LFX_OK_226_VGF136_C08_1_neg_156
92	C26H34O13	[M - H]-	C26H34O13	0.9999999999999999	28.89231874102578	20.924354535425266	7.967964205600512	3	0.9638288649097637	0.11213679397064882	0.11213679397064882	-0.17855977609348983		553.19257	125.23	54_20230404_LFX_OK_226_VGF136_C08_1_neg_54
93	C3H9BrCl2N4O4P2S2	[M + Cl]-	C3H9BrCl2N4O4P2S2	0.9999999999999999	28.355770389321233	28.355770389321233	0.0	11	0.5512224527377078	-0.02692355715372493	0.3999498871342724	0.6885842823939505		474.77982	18.251	14_20230404_LFX_OK_226_VGF136_C08_1_neg_14
94	C18H32O5	[M - H]-	C18H32O5	0.9999999999999999	28.227215705301433	24.340198274196002	3.8870174311054293	6	0.14767340640109047	0.08683788477510578	0.564957870384637	0.3248086363462986		327.21780	180.805	122_20230404_LFX_OK_226_VGF136_C08_1_neg_122
95	C18H34O4	[M - H]-	C18H34O4	0.9999999999999999	28.15400525450636	24.32083823019586	3.8331670243104976	4	0.8650991140087514	0.6239627466409603	0.6239627466409603	-0.1925472110710259		313.23837	296.455	195_20230404_LFX_OK_226_VGF136_C08_1_neg_195
96	C20H28O5	[M - H]-	C20H28O5	0.9999999999999999	28.105235900740634	24.31139610207803	3.7938397986626033	10	0.15213113328704758	-0.14253101434073323	1.1041196179192745	-103752.41817516123		347.18613	208.133	149_20230404_LFX_OK_226_VGF136_C08_1_neg_149
97	C30H46O6	[M - H]-	C30H46O6	0.9999999999999999	27.18345962867251	23.304425288125596	3.8790343405469123	6	0.3833099889515405	0.14435328686516866	0.2827631894300422	-35925.9794503795		501.32224	212.427	153_20230404_LFX_OK_226_VGF136_C08_1_neg_153
98	C37H32N6O6	[M - H]-	C37H32N6O6	0.9999999999999999	27.112368352353236	27.112368352353236	0.0	13	0.3830382168025879	-0.26747507559281447	0.7308845272570423	-27488.27028796412		655.23047	125.667	56_20230404_LFX_OK_226_VGF136_C08_1_neg_56
99	C28H40O16	[M - H]-	C28H40O16	0.9999999999999999	26.727680233339733	26.727680233339733	0.0	7	0.35175286616594154	0.2775187136077619	1.1781260720744182	0.49374218304269296		631.22467	108.869	39_20230404_LFX_OK_226_VGF136_C08_1_neg_39
100	C6HO7P2S2	[M - H]-	C6HO7P2S2	0.9999999999999999	25.891890543067767	25.891890543067767	0.0	6	0.4181537122904065	0.012802473207885181	0.1672050796664587	-0.9453985604890787		309.85632	70.086	26_20230404_LFX_OK_226_VGF136_C08_1_neg_26
101	C17H28O3	[M - H]-	C17H28O3	0.9999999999999999	25.790660018760892	21.962634051027365	3.8280259677335255	6	0.5087216549891951	-0.3646341905550504	0.3646341905550504	-0.34433078589297245		279.19647	260.827	185_20230404_LFX_OK_226_VGF136_C08_1_neg_185
102	C11H18O3	[M - H]-	C11H18O3	0.9999999999999999	25.270589439150122	19.817273000615753	5.453316438534369	5	0.46046932110344607	0.30287200077912735	0.9296966821981173	0.30287200077912735		197.11838	216.94	158_20230404_LFX_OK_226_VGF136_C08_1_neg_158
103	C20H25F3N4O6S	[M + Cl]-	C20H25F3N4O6S	0.9999999999999999	24.18620023720724	24.18620023720724	0.0	10	0.5000801660420644	0.05410857125246585	0.5035236929672205	0.6458487020364752		541.11444	126.797	57_20230404_LFX_OK_226_VGF136_C08_1_neg_57
104	C15H10O6	[M - H]-	C15H10O6	0.9999999999999999	23.970119848280213	20.236555773405648	3.733564074874563	7	0.23239124237792994	-0.29702062413045294	0.8356827441711893	-0.6258230677843273		285.04028	120.694	48_20230404_LFX_OK_226_VGF136_C08_1_neg_48
105	C16H34N4O4	[M + Cl]-	C16H34N4O4	0.9999999999999999	23.961556502717052	23.961556502717052	0.0	7	0.2934793021487783	1.6056321981004815	1.9068020461492177	0.7471190770944682		381.22769	176.477	111_20230404_LFX_OK_226_VGF136_C08_1_neg_111
106	C17H24O4	[M - H]-	C17H24O4	0.9999999999999999	21.678966077750026	17.799706236422892	3.8792598413271318	6	0.19847446319474962	0.47119359873135896	1.0547046937410218	-123715.71643482754		291.16022	148.316	82_20230404_LFX_OK_226_VGF136_C08_1_neg_82
107	C21H36O6	[M - H]-	C21H36O6	0.9999999999999999	21.57508193783986	15.301493411231696	6.273588526608165	4	0.39689342865776184	1.4041201778333492	1.4041201778333492	-0.6786183093084422		383.24365	204.349	146_20230404_LFX_OK_226_VGF136_C08_1_neg_146
108	C16H34N4O5	[M + Cl]-	C16H34N4O5	0.9999999999999999	21.531199411817234	21.531199411817234	0.0	7	0.16468954099437066	0.7024481815112922	0.7024481815112922	0.9196848037653623		397.22269	178.632	117_20230404_LFX_OK_226_VGF136_C08_1_neg_117
109	C11H20O4	[M - H]-	C11H20O4	0.9999999999999999	20.99848803973038	17.50119279212033	3.4972952476100474	3	0.8599457234335021	-0.4578105265690103	0.4578105265690103	-0.4578105265690103		215.12878	150.536	86_20230404_LFX_OK_226_VGF136_C08_1_neg_86
110	C17H30N6O4	[M - H]-	C17H30N6O4	0.9999999999999999	20.93411739779009	17.752836244592622	3.181281153197469	5	0.41424403577760843	0.23506373783505782	0.44243448635837407	0.5037829939551213		381.22577	299.701	198_20230404_LFX_OK_226_VGF136_C08_1_neg_198
111	C22H27N7O4S	[M - H]-	C22H27N7O4S	0.9999999999999999	20.613992422611155	20.613992422611155	0.0	7	0.07969451489837823	-0.8325565552426655	0.8325565552426655	-0.6949763849189494		484.17691	133.43	68_20230404_LFX_OK_226_VGF136_C08_1_neg_68
112	C26H32O11	[M - H]-	C26H32O11	0.9999999999999999	19.107712847150463	15.203555023310415	3.9041578238400483	3	0.4483471089001238	0.7029987874026083	0.7029987874026083	-34690.02815112971		519.18713	100.335	30_20230404_LFX_OK_226_VGF136_C08_1_neg_30
113	C33H57NO3	[M - H]-	C33H57NO3	0.9999999999999999	18.614001851304486	11.9489330979881	6.665068753316387	5	0.9160375780847009	0.04367517715910526	0.055892717075035805	0.012587066922131341		514.42657	440.467	212_20230404_LFX_OK_226_VGF136_C08_1_neg_212
114	C18H34O3	[M - H]-	C18H34O3	0.9999999999999999	18.258185873568255	12.431560169422665	5.82662570414559	5	0.7422598593616876	0.2808215504487385	0.2808215504487385	0.5529652207090942		297.24368	291.506	194_20230404_LFX_OK_226_VGF136_C08_1_neg_194
115	C12H18O3	[M - H]-	C12H18O3	0.9999999999999999	18.254396119686902	14.73856129118533	3.5158348285015713	4	0.09514467820564725	-0.19154545341813273	0.634822946526963	-0.8090172922118968		209.11815	120.694	47_20230404_LFX_OK_226_VGF136_C08_1_neg_47
116	C14H24O4	[M - H]-	C14H24O4	0.9999999999999999	17.845392073237694	14.228385479534195	3.6170065937034983	5	0.9842611272086489	0.48129764922229706	0.6055248939566094	-70585.62944201959		255.16011	151.648	87_20230404_LFX_OK_226_VGF136_C08_1_neg_87
117	C19H28O7	[M - H]-	C19H28O7	0.9999999999999999	17.845389411054846	14.00206048454558	3.8433289265092654	6	0.05677375964717747	0.77404950362127	1.2771486422849112	-98103.8937547879		367.17596	103.021	33_20230404_LFX_OK_226_VGF136_C08_1_neg_33
118	C17H26N6O4	[M - H]-	C17H26N6O4	0.9999999999999999	17.716654022030763	14.503365460701392	3.2132885613293705	5	0.4610781271379474	0.19875122754890687	0.5256311201637152	0.3184372508270779		377.19440	259.856	183_20230404_LFX_OK_226_VGF136_C08_1_neg_183
119	C13H20O3	[M - H]-	C13H20O3	0.9999999999999999	17.481520728795992	13.845194486918686	3.636326241877307	5	0.18271554112779873	0.2994762428765065	0.37956435309616243	-0.3234555006260027		223.13390	203.795	145_20230404_LFX_OK_226_VGF136_C08_1_neg_145
120	C9H16O4	[M - H]-	C9H16O4	0.9999999999999999	17.26944024271362	11.883686103959395	5.385754138754226	3	0.0949566434043708	1.4116749615835302	1.4116749615835302	-0.5031419179288319		187.09749	107.304	38_20230404_LFX_OK_226_VGF136_C08_1_neg_38
121	C36H36N2O8	[M - H]-	C36H36N2O8	0.9999999999999999	17.183949617416527	17.183949617416527	0.0	9	0.21079847872277918	0.3038781377497812	0.5531014712761542	0.5531014712761542		623.24023	142.553	73_20230404_LFX_OK_226_VGF136_C08_1_neg_73
122	C36H38N2O9	[M - H]-	C36H38N2O9	0.9999999999999999	16.82784261523927	16.82784261523927	0.0	4	0.33407543282822516	0.7198594090664894	0.7198594090664894	-0.04225777417774311		641.25043	142.553	74_20230404_LFX_OK_226_VGF136_C08_1_neg_74
123	C18H30O3	[M - H]-	C18H30O3	0.9999999999999999	16.016420689590877	10.015066607206759	6.001354082384117	6	0.037545205168968504	0.21112870174846546	0.9287901187815654	-122849.79138281723		293.21228	253.79	178_20230404_LFX_OK_226_VGF136_C08_1_neg_178
124	C18H34O3	[M - H]-	C18H34O3	0.9999999999999999	15.919455615672863	9.675490464954894	6.243965150717969	3	0.47223822691512773	0.16022201899133037	0.16022201899133037	-60591.9088967348		297.24353	284.606	193_20230404_LFX_OK_226_VGF136_C08_1_neg_193
125	C17H17NO3	[M - H]-	C17H17NO3	0.9999999999999999	15.89193303521592	12.309685815747539	3.582247219468381	6	0.6412221428651853	0.3586417707968853	0.5354431652035759	-63841.92729541935		282.11346	116.568	45_20230404_LFX_OK_226_VGF136_C08_1_neg_45
126	C26H32O12	[M - H]-	C26H32O12	0.9999999999999999	15.802098133640232	12.071506227601306	3.730591906038926	2	0.2869514017274661	0.4044426059100007	0.5785440717281607	-0.17410146581815994		535.18201	101.197	31_20230404_LFX_OK_226_VGF136_C08_1_neg_31
127	C30H48N6O6	[M + Br]-	C30H48N6O6	0.9999999999999999	15.535215864930917	15.535215864930917	0.0	11	0.16011429658084694	0.19927387450067668	0.4139172059531033	-0.2882939208222611		667.28223	219.923	160_20230404_LFX_OK_226_VGF136_C08_1_neg_160
128	C15H10O5	[M - H]-	C15H10O5	0.9999999999999999	15.025468307673489	11.220652761755051	3.8048155459184376	3	0.41599262310095647	0.1683463941300424	0.1683463941300424	-0.054791272030818884		269.04553	226.099	164_20230404_LFX_OK_226_VGF136_C08_1_neg_164
129	C30H46O5	[M - H]-	C30H46O5	0.9999999999999999	13.62663845254082	9.82341981441516	3.803218638125659	2	0.38405871935962516	0.40854800389575013	0.40854800389575013	0.23477068542763446		485.32736	251.842	177_20230404_LFX_OK_226_VGF136_C08_1_neg_177
130	C36H48ClN3O8	[M - H]-	C36H48ClN3O8	0.9999999999999999	13.371504065987512	13.371504065987512	0.0	5	0.5155916562613057	-0.3742058639544788	0.6097299765139357	-0.6121132603269817		684.30530	235.598	170_20230404_LFX_OK_226_VGF136_C08_1_neg_170
131	C45H44N2O7	[M - H]-	C45H44N2O7	0.9999999999999999	13.184701060047065	12.027034584564008	1.1576664754830568	6	0.5444381105394629	0.539757643403718	0.539757643403718	0.901749943080397		723.30823	259.375	180_20230404_LFX_OK_226_VGF136_C08_1_neg_180
132	C26H38O14	[M - H]-	C26H38O14	0.9999999999999999	13.175791971174467	9.266527826352705	3.9092641448217615	7	0.4078517923176561	0.7726077382496773	0.7726077382496773	-31419.84158128934		573.21899	105.735	35_20230404_LFX_OK_226_VGF136_C08_1_neg_35
133	C27H36O13	[M - H]-	C27H36O13	0.9999999999999999	11.902083251538631	5.202440451483039	6.699642800055592	2	0.171806286053617	0.14216383774383853	0.14216383774383853	0.5349075161851115		567.20862	91.31	29_20230404_LFX_OK_226_VGF136_C08_1_neg_29
134	C35H34N2O6	[M + CH2O2 - H]-	C36H36N2O8	0.9999999999999999	10.894067569622623	10.894067569622623	0.0	5	0.43435753730573784	0.526282922790871	0.6510333972778224	0.6510333972778224		623.24030	158.348	98_20230404_LFX_OK_226_VGF136_C08_1_neg_98
135	C20H30O4	[M - H]-	C20H30O4	0.9999999999999999	10.633641515942957	6.756917259393261	3.8767242565496955	3	0.03546584582168114	-0.4456351675863718	0.4456351675863718	-54052.287012365974		333.20709	236.654	172_20230404_LFX_OK_226_VGF136_C08_1_neg_172
136	C26H38N2O4S4	[M - H]-	C26H38N2O4S4	0.9999999999999999	10.406572065819995	10.406572065819995	0.0	4	0.3932948849294189	0.43657310401645905	0.5223478647575411	-0.28775373228086293		569.16400	132.193	62_20230404_LFX_OK_226_VGF136_C08_1_neg_62
137	C19H34O3	[M - H]-	C19H34O3	0.9999999999999999	10.36988675201277	6.455745939886467	3.914140812126303	3	0.16361068443599053	0.00689970733686226	0.13676956147320074	0.13676956147320074		309.24356	312.53	199_20230404_LFX_OK_226_VGF136_C08_1_neg_199
138	C20H27N3O5S	[M - H]-	C20H27N3O5S	0.9999999999999999	10.165319707582606	10.165319707582606	0.0	7	0.06658529233508748	0.4365622467174515	0.49641567663501596	0.5467033562931638		420.16010	191.993	134_20230404_LFX_OK_226_VGF136_C08_1_neg_134
139	C12H22O6	[M - H]-	C12H22O6	0.9999999999999999	9.25642924182052	3.750285257781268	5.506143984039252	3	0.0047600184954353485	1.5294920229284485	1.5294920229284485	-68970.71067408583		261.13431	101.48	32_20230404_LFX_OK_226_VGF136_C08_1_neg_32
140	C26H30O11	[M - H]-	C26H30O11	0.9999999999999999	8.067600057732443	4.465384116295901	3.6022159414365422	3	0.020906546117065737	-0.2474690688082582	0.2474690688082582	-34825.547036098906		517.17133	115.996	43_20230404_LFX_OK_226_VGF136_C08_1_neg_43
141	C20H26O3	[M - H]-	C20H26O3	0.9999999999999999	7.376766275886503	3.4737820719261374	3.9029842039603655	1	0.0	-0.32437976212166414	0.32437976212166414	-0.32437976212166414		313.18082	256.704	179_20230404_LFX_OK_226_VGF136_C08_1_neg_179
142	C16H28O3	[M - H]-	C16H28O3	0.9999999999999999	7.372693434697563	3.4986304567706688	3.8740629779268945	1	0.0	-0.017152938800264087	0.017152938800264087	-0.017152938800264087		267.19656	260.175	184_20230404_LFX_OK_226_VGF136_C08_1_neg_184
143	C33H56O3	[M - H]-	C33H56O3	0.9999999999999999	7.248342268951452	3.496833942907278	3.751508326044174	1	0.0	-0.03961799543052753	0.03961799543052753	-0.03961799543052753		499.41565	434.709	210_20230404_LFX_OK_226_VGF136_C08_1_neg_210
144	C18H28O12	[M - H]-	C18H28O12	0.9999999999999999	7.204870172973935	3.5000000000000004	3.704870172973935	1	0.0	NaN	NaN	-0.4495819622990285		435.15060	56.043	19_20230404_LFX_OK_226_VGF136_C08_1_neg_19
145	C36H60O9	[M - H]-	C36H60O9	0.9999999999999999	7.169337899628607	7.169337899628607	0.0	5	0.4757736420072738	0.5810399313164146	1.689895014661213	-56688.423754348565		635.41681	371.641	204_20230404_LFX_OK_226_VGF136_C08_1_neg_204
146	C17H24O3	[M - H]-	C17H24O3	0.9999999999999999	7.027386425182826	3.4775632558076124	3.5498231693752134	1	0.0	-0.278107555494633	0.278107555494633	-0.278107555494633		275.16519	171.912	108_20230404_LFX_OK_226_VGF136_C08_1_neg_108
147	C20H28O4	[M - H]-	C20H28O4	0.9999999999999999	6.846260222784102	3.4813571731448523	3.36490304963925	1	0.0	-0.23150935686916901	0.23150935686916901	-0.23150935686916901		331.19141	178.091	115_20230404_LFX_OK_226_VGF136_C08_1_neg_115
148	C33H54N6O6	[M + Br]-	C33H54N6O6	0.9999999999999999	5.533705073083317	5.533705073083317	0.0	3	0.07200335705689855	-0.23104422754376347	0.23104422754376347	0.7413921584463771		709.32990	267.325	186_20230404_LFX_OK_226_VGF136_C08_1_neg_186
149	C25H18ClN5O2S2	[M - H]-	C25H18ClN5O2S2	0.9999999999999999	4.847194393476379	4.847194393476379	0.0	5	0.08861268342661795	-0.25538327244810743	0.29569257316663217	-0.25538327244810743		518.05164	125.23	55_20230404_LFX_OK_226_VGF136_C08_1_neg_55
150	C21H38N8O10	[M + Cl]-	C21H38N8O10	0.9999999999999999	4.493200797830552	4.493200797830552	0.0	3	0.32925737741416916	0.5260627006077282	0.5260627006077282	0.1840297326818718		597.24060	136.682	71_20230404_LFX_OK_226_VGF136_C08_1_neg_71
151	C22H29NO6	[M + Cl]-	C22H29NO6	0.9999999999999999	3.8707345368198336	3.8707345368198336	0.0	2	0.012317589733236368	0.05248764433704331	0.05248764433704331	0.5466155503107588		438.16913	179.721	120_20230404_LFX_OK_226_VGF136_C08_1_neg_120
152	C9H13F3O2	[M - H]-	C9H13F3O2	0.9999999999999999	3.7569758185003197	3.7569758185003197	0.0	2	0.013840999408782214	0.20176742716483656	0.20176742716483656	-0.31503262502709795		209.07942	106.863	37_20230404_LFX_OK_226_VGF136_C08_1_neg_37
153	C45H74O13	[M - H]-	C45H74O13	0.9999999999999999	3.4503956220452596	3.4503956220452596	0.0	1	0.0	0.6069033846938195	0.6069033846938195	0.6069033846938195		821.50616	232.783	166_20230404_LFX_OK_226_VGF136_C08_1_neg_166
154	C39H54O6	[M - H]-	C39H54O6	0.9999999999999999	3.434526063038116	3.434526063038116	0.0	1	0.0	0.7951442595028589	0.7951442595028589	0.7951442595028589		617.38525	319.25	202_20230404_LFX_OK_226_VGF136_C08_1_neg_202
155	C18H30O3S	[M - H]-	C18H30O3S	0.9999999999999999	3.2960593588050173	-0.6229616818973533	3.9190210407023707	1	0.0	-0.16836230956752232	0.16836230956752232	-0.16836230956752232		325.18423	313.21	200_20230404_LFX_OK_226_VGF136_C08_1_neg_200
156	C30H42N4O13	[M - H]-	C30H42N4O13	0.9999999999999999	1.0	1.0	0.0	1	0.0	NaN	NaN	-0.7081489023539619		665.26709	208.552	150_20230404_LFX_OK_226_VGF136_C08_1_neg_150
157	C14H14FN5O2	[M + Cl]-	C14H14FN5O2	0.9999999999999999	0.2249066074262791	0.2249066074262791	0.0	3	0.022463463311931248	0.7345688537806819	1.7313672388929766	0.34888280543604605		338.08267	152.201	88_20230404_LFX_OK_226_VGF136_C08_1_neg_88
158	C20H8Br4N2O2	[M + Br]-	C20H8Br4N2O2	0.9999999999999999	-0.6094379124341003	-0.6094379124341003	0.0	1	0.0	NaN	NaN	-0.7728186358569927		702.65027	14.829	7_20230404_LFX_OK_226_VGF136_C08_1_neg_7
159	C17H28O3S	[M - H]-	C17H28O3S	0.9999999999999999	-0.6249941392509033	-0.6249941392509033	0.0	1	0.0	-0.19347180596470065	0.19347180596470065	-0.19347180596470065		311.16858	283.466	192_20230404_LFX_OK_226_VGF136_C08_1_neg_192
160	C7H8BrCl3O4	[M - H]-	C7H8BrCl3O4	0.9999999999999999	-2.2188758248682006	-2.2188758248682006	0.0	1	0.0	NaN	NaN	-0.6721535200280145		338.85965	14.829	3_20230404_LFX_OK_226_VGF136_C08_1_neg_3
161	ClH5NP2S	[M - H]-	ClH5NP2S	0.9999999999999999	-7.670973645921473	-7.670973645921473	0.0	1	0.0	NaN	NaN	0.8356984246669862		146.92349	319.25	201_20230404_LFX_OK_226_VGF136_C08_1_neg_201
162	C2H9N2OP4S	[M - H]-	C2H9N2OP4S	0.9999999999999999	-12.050286946665143	-12.050286946665143	0.0	1	0.0	0.8831811860288283	0.8831811860288283	0.8831811860288283		231.93153	237.318	173_20230404_LFX_OK_226_VGF136_C08_1_neg_173
163	C20H27N3O6S	[M - H]-	C20H27N3O6S	0.9994974874371859	15.495058137226883	15.495058137226883	0.0	12	0.18214915679631932	0.35827984163270354	0.5790669588818692	-41293.59893280458		436.15494	155.584	92_20230404_LFX_OK_226_VGF136_C08_1_neg_92
164	C30H48O6	[M - H]-	C30H48O6	0.9994974874371859	6.882804484481607	3.447651266624986	3.435153217856621	1	0.0	0.6396529357925391	0.6396529357925391	0.6396529357925391		503.33813	182.462	124_20230404_LFX_OK_226_VGF136_C08_1_neg_124
165	C18H7NO6	[M - H]-	C18H7NO6	0.9994974874371858	21.6962639584271	20.150740382484965	1.5455235759421329	4	0.7020407640036361	-0.25142251543445193	0.4033885292872894	-0.5829426771434865		332.01987	106.863	36_20230404_LFX_OK_226_VGF136_C08_1_neg_36
166	C20H29N3O6S	[M - H]-	C20H29N3O6S	0.9994974874371858	13.009379873329994	13.009379873329994	0.0	9	0.15424207939344872	0.08070133155141455	0.517633103386738	0.8596849680926097		438.17081	133.43	69_20230404_LFX_OK_226_VGF136_C08_1_neg_69
167	C29H23NO6	[M - H]-	C29H23NO6	0.9989949748743718	17.678638317577118	14.712579124039166	2.9660591935379514	5	0.08790376351445782	-0.0530498154137625	0.2721078275418961	-0.8842709449476179		480.14484	175.935	110_20230404_LFX_OK_226_VGF136_C08_1_neg_110
168	C17H24O11	[M - H]-	C17H24O11	0.9989949748743717	7.182995676249749	3.5	3.6829956762497487	1	0.0	NaN	NaN	-0.8634443940133985		403.12424	71.543	27_20230404_LFX_OK_226_VGF136_C08_1_neg_27
169	C15H37N4O7P	[M - H]-	C15H37N4O7P	0.9984924623115577	43.223506058816376	42.07080559068809	1.1527004681282884	10	0.5242335213867086	1.2521153646937895	1.3713425018331105	0.9972166565985854		415.23312	123.503	50_20230404_LFX_OK_226_VGF136_C08_1_neg_50
170	C19H30N6O6	[M - H]-	C19H30N6O6	0.9979899497487436	27.906994848303746	24.536502168131605	3.370492680172142	7	0.3936178650182545	0.342546070883947	0.5769139806773338	0.5282956559553275		437.21564	147.758	80_20230404_LFX_OK_226_VGF136_C08_1_neg_80
171	C4HO7P5S2	[M - H]-	C4HO7P5S2	0.9974874371859296	-5.996065143794007	-5.996065143794007	0.0	1	0.0	NaN	NaN	0.6234180345210105		378.77814	64.525	22_20230404_LFX_OK_226_VGF136_C08_1_neg_22
172	C19H23FN4O3S	[M + CH2O2 - H]-	C20H25FN4O5S	0.9969849246231154	4.039111559969532	4.039111559969532	0.0	4	0.1424095328077018	0.9499234390127226	1.1306845998544235	-0.5450361240170729		451.14545	40.772	15_20230404_LFX_OK_226_VGF136_C08_1_neg_15
173	C25H30O8	[M - H]-	C25H30O8	0.9954773869346734	126.09910922089644	119.98338486772481	6.115724353171624	28	0.5247150764255145	0.15182679922385142	0.7048816954755222	-0.9867658728341492		457.18634	132.757	65_20230404_LFX_OK_226_VGF136_C08_1_neg_65
174	C33H46N4O14	[M - H]-	C33H46N4O14	0.9949748743718593	24.85653285344951	24.85653285344951	0.0	7	0.5085806317361139	0.9164648839899785	0.9164648839899785	-0.5264207572566675		721.29340	242.162	174_20230404_LFX_OK_226_VGF136_C08_1_neg_174
175	C5H5N6O5PS5	[M + Br]-	C5H5N6O5PS5	0.984924623115578	4.881205958005063	4.881205958005063	0.0	6	0.20410181889578305	0.05808658592679491	0.5087464284336609	-0.6496053118028152		498.78482	59.589	21_20230404_LFX_OK_226_VGF136_C08_1_neg_21
176	C30H50O17	[M - H]-	C30H50O17	0.9849246231155779	63.224007897102446	52.14897881232753	11.07502908477492	20	0.5985459961295726	-0.5251854193480542	0.588896491709453	-0.6833765611811247		681.29706	235.348	167_20230404_LFX_OK_226_VGF136_C08_1_neg_167
177	C9H4ClNO8P4S2	[M + Br]-	C9H4ClNO8P4S2	0.9728643216080404	23.152936146305393	23.152936146305393	0.0	17	0.4778981221581907	-0.39108256678947206	0.456582638677105	0.043406583228119466		555.72064	14.829	1_20230404_LFX_OK_226_VGF136_C08_1_neg_1
178	C28H23NO4	[M - H]-	C28H23NO4	0.970854271356784	7.409655064887277	4.156504712163644	3.2531503527236327	4	0.015084877548911186	0.9844736826314198	0.9844736826314198	-0.5029438134204697		436.15521	204.903	147_20230404_LFX_OK_226_VGF136_C08_1_neg_147
179	C3H5Cl2N4O13P5S2	[M + Br]-	C3H5Cl2N4O13P5S2	0.9628140703517589	34.91700217622938	34.91700217622938	0.0	20	0.4323989326853063	-0.2716268060070716	0.5780256251593495	-0.8258847255744658		672.65430	14.829	2_20230404_LFX_OK_226_VGF136_C08_1_neg_2
180	C41H77NO11	[M - H]-	C41H77NO11	0.9567839195979899	25.012737094592353	18.145946374218745	6.866790720373609	2	0.5612278358927006	-0.48624777322928814	0.48624777322928814	0.36615252201291354		758.54266	438.965	211_20230404_LFX_OK_226_VGF136_C08_1_neg_211
181	CCl2NO6P	[M - H]-	CCl2NO6P	0.9542713567839196	-0.30259785562636177	-2.2188758248682006	1.9162779692418388	1	0.0	NaN	NaN	-0.7452063746722296		221.87659	67.112	25_20230404_LFX_OK_226_VGF136_C08_1_neg_25
182	C29H25NO6	[M - H]-	C29H25NO6	0.9532663316582914	3.447922116707022	1.0	2.447922116707022	1	0.0	NaN	NaN	0.3966039803729843		482.16110	152.201	89_20230404_LFX_OK_226_VGF136_C08_1_neg_89
183	C6H4N5O6P2S6	[M - H]-	C6H4N5O6P2S6	0.9517587939698493	11.812291687946614	11.812291687946614	0.0	9	0.19851889413293125	0.6234324858982354	0.6687386128800026	-72799.98354824394		494.78931	511.754	219_20230404_LFX_OK_226_VGF136_C08_1_neg_219
184	C28H23NO6	[M - H]-	C28H23NO6	0.9482412060301507	21.252866755617625	21.252866755617625	0.0	7	0.48815700056413447	-0.1840345858276112	0.190755703190289	-38473.045453105995		468.14487	156.683	97_20230404_LFX_OK_226_VGF136_C08_1_neg_97
185	C4H4BO6P5S3	[M - H]-	C4H4BO6P5S3	0.9472361809045229	0.9901413647099984	-7.45488984292513	8.445031207635129	2	0.04053034780708055	-0.5378552091286343	0.5378552091286343	-0.664103201765538		407.79120	14.829	6_20230404_LFX_OK_226_VGF136_C08_1_neg_6
186	C4H7N2O7P5S4	[M - H]-	C4H7N2O7P5S4	0.9412060301507538	18.182929216787294	18.182929216787294	0.0	8	0.46862331324696027	-0.06671664655321857	0.651874498111309	1.035085855042193		476.77563	513.515	221_20230404_LFX_OK_226_VGF136_C08_1_neg_221
187	C36H36N2O9	[M - H]-	C36H36N2O9	0.9391959798994975	90.86949443542115	90.86949443542115	0.0	22	0.6989053856453584	0.4731602119527134	0.4731602119527134	0.8561519465751998		639.23535	146.363	78_20230404_LFX_OK_226_VGF136_C08_1_neg_78
188	C28H46O17	[M - H]-	C28H46O17	0.8778894472361808	52.05047932784113	43.410562815582004	8.639916512259125	9	0.4713816118991991	0.9466937474538009	0.9466937474538009	0.8589263568420746		653.26678	203.795	144_20230404_LFX_OK_226_VGF136_C08_1_neg_144
189	C21H24N2O	[M + Cl]-	C21H24N2O	0.8381909547738693	0.9289501439467337	0.9289501439467337	0.0	1	0.0	-0.8606410940784661	0.8606410940784661	-0.8606410940784661		355.15796	376.758	205_20230404_LFX_OK_226_VGF136_C08_1_neg_205
190	C40H46N2O10	[M + Cl]-	C40H46N2O10	0.8376884422110553	1.0	1.0	0.0	1	0.0	NaN	NaN	0.5168230517666227		749.28503	235.999	171_20230404_LFX_OK_226_VGF136_C08_1_neg_171
191	C24H36Cl3N3O2	[M - H]-	C24H36Cl3N3O2	0.8261306532663316	44.78027017872046	44.78027017872046	0.0	13	0.18325159997138438	-0.3348286618053564	0.7260446148542697	-0.38610076184718956		502.17984	132.757	64_20230404_LFX_OK_226_VGF136_C08_1_neg_64
192	C7H3N2O4P3S3	[M + Br]-	C7H3N2O4P3S3	0.8241206030150756	4.405097992590152	4.405097992590152	0.0	2	0.18989393924796336	-0.4543194298177874	0.4543194298177874	0.6615263381329988		446.76596	65.137	23_20230404_LFX_OK_226_VGF136_C08_1_neg_23
193	C12H34N9O3S	[M - H]-	C12H34N9O3S	0.8040201005025127	106.39274219403057	106.39274219403057	0.0	24	0.44345186384988516	1.5099080822067303	1.5099080822067303	-46994.87452301949		383.24335	152.761	90_20230404_LFX_OK_226_VGF136_C08_1_neg_90
194	C7H6ClN4O2P9S2	[M - H]-	C7H6ClN4O2P9S2	0.7688442211055276	0.6737925784171246	0.6737925784171246	0.0	6	0.32830715404754257	0.33296347356664646	0.33296347356664646	0.5133690997341602		554.71893	514.62	224_20230404_LFX_OK_226_VGF136_C08_1_neg_224
195	C3H26N22O	[M - H]-	C3H26N22O	0.6758793969849246	-7.3923258042883235	-7.3923258042883235	0.0	1	0.0	NaN	NaN	0.8999679081861411		385.25906	133.43	66_20230404_LFX_OK_226_VGF136_C08_1_neg_66
196	C9H6BrCl2N2O6PSSe	[M + Cl]-	C9H6BrCl2N2O6PSSe	0.6150753768844222	35.61942482954617	35.61942482954617	0.0	27	0.45123101096778473	-0.08165466015944185	0.5070689561382176	-0.6000256634659029		558.71600	15.205	12_20230404_LFX_OK_226_VGF136_C08_1_neg_12
197	C5H2BrN4O5P2	[M - H]-	C5H2BrN4O5P2	0.614070351758794	-2.9538243721905464	-2.9538243721905464	0.0	3	0.009298393575183235	0.19540987550262634	0.46492312909316014	-0.8694282660596849		337.86081	14.954	11_20230404_LFX_OK_226_VGF136_C08_1_neg_11
198	C20H32O5S	[M - H]-	C20H32O5S	0.6040201005025125	1.6353495162389189	1.6353495162389189	0.0	2	0.07234826591182043	-0.6141912440389549	0.6141912440389549	-0.9031159711444535		383.18942	407.744	208_20230404_LFX_OK_226_VGF136_C08_1_neg_208
199	C32H71N19O	[M + Cl]-	C32H71N19O	0.5793969849246231	9.927143029069388	-0.2738683925519396	10.201011421621327	1	0.0	NaN	NaN	0.6436040072166758		772.57880	15.836	13_20230404_LFX_OK_226_VGF136_C08_1_neg_13
200	C3H4BO7P7S	[M - H]-	C3H4BO7P7S	0.5673366834170854	-4.396414346439349	-4.9776095117505115	0.5811951653111622	3	0.060049127968391736	0.45137113419493147	0.47080246793324565	0.29539211164307155		409.78989	14.829	5_20230404_LFX_OK_226_VGF136_C08_1_neg_5
201	C34H68N6O7S	[M - H]-	C34H68N6O7S	0.5341708542713568	61.836365576521914	61.836365576521914	0.0	14	0.4235479047357458	0.20344754761931863	0.3620559415882479	0.8580421341597728		703.48035	283.466	191_20230404_LFX_OK_226_VGF136_C08_1_neg_191
202	C23H22ClFN6O	[M - H]-	C23H22ClFN6O	0.5005025125628141	-2.2209076766843583	-2.2209076766843583	0.0	1	0.0	-0.02543965996718701	0.02543965996718701	-0.02543965996718701		451.14548	56.605	20_20230404_LFX_OK_226_VGF136_C08_1_neg_20
203	C7N2O5P6S	[M - H]-	C7N2O5P6S	0.47638190954773874	-8.105254626086579	-8.105254626086579	0.0	2	0.011713645365318022	0.044307437481731694	0.044307437481731694	-0.0734072024943349		408.78806	515.291	227_20230404_LFX_OK_226_VGF136_C08_1_neg_227
204	C2H5Br2N4O4	[M - H]-	C2H5Br2N4O4	0.4261306532663317	-1.0754199118538388	-2.7939477058961018	1.718527794042263	2	0.07386112816044177	-0.16297804564761334	0.16297804564761334	-0.6109343758510691		305.86029	515.291	226_20230404_LFX_OK_226_VGF136_C08_1_neg_226
205	C36H68O7S	[M + CH2O2 - H]-	C37H70O9S	0.4185929648241206	17.349368198501463	17.349368198501463	0.0	5	0.5895007675718184	0.6980214024852905	0.6980214024852905	-0.06168254914773497		689.46674	267.62	187_20230404_LFX_OK_226_VGF136_C08_1_neg_187
206	C8H4O11P4S2	[M + Cl]-	C8H4O11P4S2	0.3959798994974875	-2.2188758248682006	-2.2188758248682006	0.0	1	0.0	NaN	NaN	0.0307478682970515		498.78397	515.291	225_20230404_LFX_OK_226_VGF136_C08_1_neg_225
207	C6HN6O4P3S2Se	[M - H]-	C6HN6O4P3S2Se	0.3673366834170855	0.008732877005281914	0.008732877005281914	0.0	2	0.1665707187268946	-0.7815460160455396	0.7815460160455396	0.2157593138832772		450.78665	513.515	222_20230404_LFX_OK_226_VGF136_C08_1_neg_222
208	C34H67N6O3P	[M + Cl]-	C34H67N6O3P	0.3155778894472362	22.069568159066282	22.069568159066282	0.0	8	0.5745986085645937	-0.15104840042832154	0.9327294606802213	0.38358979522765463		673.47089	299.209	196_20230404_LFX_OK_226_VGF136_C08_1_neg_196
209	C36H23NO14	[M - H]-	C36H23NO14	0.26834170854271355	6.246450780251894	0.9743857860792744	5.272064994172619	1	0.0	0.3170031079023695	0.3170031079023695	0.3170031079023695		692.10480	132.193	63_20230404_LFX_OK_226_VGF136_C08_1_neg_63
210	C4H7N2O12P5S2Se	[M - H]-	C4H7N2O12P5S2Se	0.19748743718592965	-1.5678308463000974	-1.5678308463000974	0.0	5	0.10994845482006528	-0.4070718822457051	0.6636582404038178	0.7160888625126695		566.72845	14.829	8_20230404_LFX_OK_226_VGF136_C08_1_neg_8
211	C4Cl2N5O15P3	[M + Br]-	C4Cl2N5O15P3	0.09296482412060304	4.355903009726707	4.355903009726707	0.0	3	0.2398097498589091	-0.05724442194476287	0.5866225029205545	-0.07717740730239013		599.71692	513.515	223_20230404_LFX_OK_226_VGF136_C08_1_neg_223
212	C8H7Br2Cl2N5O5P4S2	[M - H]-	C8H7Br2Cl2N5O5P4S2	0.036683417085427134	8.182585623711972	8.182585623711972	0.0	14	0.26621936392459916	0.588011429908114	0.588011429908114	1.723491197521664		667.65216	14.829	4_20230404_LFX_OK_226_VGF136_C08_1_neg_4
