feature_id	msms_score	reference_id	short_inchikey	libname	component_id	mz
346	0.8014428246315817	29345	B10A30 Faulkner legacy library looks like sterol or lipid needs to be verified	PublicSpecLibrary	1	395.3671875
118	0.7672603980036653	32891	13-Keto-9Z,11E-octadecadienoic acid	PublicSpecLibrary	1	277.2160949707031
118	0.916043651694168	33119	13S-Hydroxy-9Z,11E,15Z-octadecatrienoic acid	PublicSpecLibrary	1	277.2160949707031
118	0.9473733308505652	33297	9S-Hydroxy-10E,12Z,15Z-octadecatrienoic acid	PublicSpecLibrary	1	277.2160949707031
118	0.9575680879378624	33777	9,12-Octadecadiynoic Acid	PublicSpecLibrary	1	277.2160949707031
118	0.9146102972603743	34652	cis-Parinaric acid	PublicSpecLibrary	1	277.2160949707031
118	0.9421966231171652	35019	13-Keto-9Z,11E-octadecadienoic acid	PublicSpecLibrary	1	277.2160949707031
118	0.901957954261602	35361	9,12-Octadecadiynoic Acid	PublicSpecLibrary	1	277.2160949707031
118	0.8923282847738458	35824	Stearidonic acid	PublicSpecLibrary	1	277.2160949707031
118	0.6701534618946741	36282	9-Oxo-10E,12Z-octadecadienoic acid	PublicSpecLibrary	1	277.2160949707031
118	0.9400272941100742	36645	13S-Hydroxy-9Z,11E,15Z-octadecatrienoic acid	PublicSpecLibrary	1	277.2160949707031
118	0.9172353333362836	36813	13S-Hydroxy-9Z,11E,15Z-octadecatrienoic acid	PublicSpecLibrary	1	277.2160949707031
118	0.8086799015141724	37799	Stearidonic acid	PublicSpecLibrary	1	277.2160949707031
118	0.9302351464684372	380779	FA 18:3+1O	PublicSpecLibrary	1	277.2160949707031
109	0.6841387364400017	3986	13-OxoODE	PublicSpecLibrary	1	295.22674560546875
109	0.7802579935767842	4011	TOP Psoriasis biomarker FeatureID=1247 295.226_C18H30O3_5.47_1247	PublicSpecLibrary	1	295.22674560546875
109	0.8456362792087049	33179	9-Oxo-10E,12Z-octadecadienoic acid	PublicSpecLibrary	1	295.22674560546875
109	0.695318066894884	33254	9-Oxo-10E,12Z-octadecadienoic acid	PublicSpecLibrary	1	295.22674560546875
109	0.7643185978769372	33807	9-Oxo-10E,12Z-octadecadienoic acid	PublicSpecLibrary	1	295.22674560546875
109	0.81697763241588	33983	9-Oxo-10E,12Z-octadecadienoic acid	PublicSpecLibrary	1	295.22674560546875
109	0.7102184756256367	36025	13-Keto-9Z,11E-octadecadienoic acid	PublicSpecLibrary	1	295.22674560546875
109	0.8176143078892155	383280	FA 18:3+1O	PublicSpecLibrary	1	295.22674560546875
109	0.7927257694364742	383747	FA 18:3+1O	PublicSpecLibrary	1	295.22674560546875
96	0.9129415223953132	376982	(8R,9S,13S,14S,17S)-13-methyl-6,7,8,9,11,12,14,15,16,17-decahydrocyclopenta[a]phenanthrene-3,17-diol	PublicSpecLibrary	1	273.1850280761719
328	0.8376904223629503	10659	Pheophytin a	PublicSpecLibrary	24	871.57373046875
210	0.6694959973142532	122789	Arg-C17:0	PublicSpecLibrary	1	427.3569030761719
114	0.9328917287582332	376982	(8R,9S,13S,14S,17S)-13-methyl-6,7,8,9,11,12,14,15,16,17-decahydrocyclopenta[a]phenanthrene-3,17-diol	PublicSpecLibrary	1	273.1848449707031
289	0.8667233375890768	12055	Proposed Decarboxylated  Arg-C17:0	PublicSpecLibrary	1	383.36724853515625
140	0.9117541174755311	32603	Monolinolenin (9c,12c,15c)	PublicSpecLibrary	-1	353.2687683105469
140	0.7599520746230513	36056	Monolinolenin (9c,12c,15c)	PublicSpecLibrary	-1	353.2687683105469
140	0.8449988720682856	36913	Monolinolenin (9c,12c,15c)	PublicSpecLibrary	-1	353.2687683105469
58	0.7826474071411191	127117	Vanillin	PublicSpecLibrary	-1	175.0388946533203
58	0.8014441798667388	127152	Vanillin	PublicSpecLibrary	-1	175.0388946533203
58	0.7980332127149099	127187	Vanillin	PublicSpecLibrary	-1	175.0388946533203
58	0.7745642583276164	127223	Vanillin	PublicSpecLibrary	-1	175.0388946533203
58	0.8052129548845192	127259	Vanillin	PublicSpecLibrary	-1	175.0388946533203
58	0.7907934938832815	127295	Vanillin	PublicSpecLibrary	-1	175.0388946533203
58	0.8040842325116835	127329	Vanillin	PublicSpecLibrary	-1	175.0388946533203
58	0.8264002628142378	127363	Vanillin	PublicSpecLibrary	-1	175.0388946533203
58	0.8222105540454896	127399	Vanillin	PublicSpecLibrary	-1	175.0388946533203
58	0.8095908280848414	127435	Vanillin	PublicSpecLibrary	-1	175.0388946533203
58	0.8383701520823396	127471	Vanillin	PublicSpecLibrary	-1	175.0388946533203
58	0.8334028173043709	127505	Vanillin	PublicSpecLibrary	-1	175.0388946533203
58	0.8343516555979763	127540	Vanillin	PublicSpecLibrary	-1	175.0388946533203
58	0.8358409361021875	127575	Vanillin	PublicSpecLibrary	-1	175.0388946533203
58	0.802458835421354	127610	Vanillin	PublicSpecLibrary	-1	175.0388946533203
58	0.8073283768462142	127644	Vanillin	PublicSpecLibrary	-1	175.0388946533203
58	0.8216595209117677	127680	Vanillin	PublicSpecLibrary	-1	175.0388946533203
58	0.8069505221127138	127715	Vanillin	PublicSpecLibrary	-1	175.0388946533203
58	0.8110750245013226	127751	Vanillin	PublicSpecLibrary	-1	175.0388946533203
58	0.672662058190842	127786	Vanillin	PublicSpecLibrary	-1	175.0388946533203
58	0.6515279305662453	127821	Vanillin	PublicSpecLibrary	-1	175.0388946533203
58	0.7418289256470088	127856	Vanillin	PublicSpecLibrary	-1	175.0388946533203
58	0.6568248616274727	127892	Vanillin	PublicSpecLibrary	-1	175.0388946533203
58	0.7902965430431804	127928	Vanillin	PublicSpecLibrary	-1	175.0388946533203
58	0.7938470173376423	127964	Vanillin	PublicSpecLibrary	-1	175.0388946533203
58	0.8058875612450046	127999	Vanillin	PublicSpecLibrary	-1	175.0388946533203
58	0.780597567870856	128034	Vanillin	PublicSpecLibrary	-1	175.0388946533203
58	0.8469094581522193	128105	Vanillin	PublicSpecLibrary	-1	175.0388946533203
58	0.8407260063003907	128141	Vanillin	PublicSpecLibrary	-1	175.0388946533203
58	0.8357933381836319	128177	Vanillin	PublicSpecLibrary	-1	175.0388946533203
58	0.7883993828387086	128214	Vanillin	PublicSpecLibrary	-1	175.0388946533203
58	0.7777436671163813	128247	Vanillin	PublicSpecLibrary	-1	175.0388946533203
58	0.7970818496502706	128280	Vanillin	PublicSpecLibrary	-1	175.0388946533203
58	0.7853876723193656	128315	Vanillin	PublicSpecLibrary	-1	175.0388946533203
58	0.7866421374440608	128349	Vanillin	PublicSpecLibrary	-1	175.0388946533203
58	0.8132333706991017	128384	Vanillin	PublicSpecLibrary	-1	175.0388946533203
58	0.8091956992795599	128417	Vanillin	PublicSpecLibrary	-1	175.0388946533203
58	0.8125147770187279	128451	Vanillin	PublicSpecLibrary	-1	175.0388946533203
58	0.8024678265097382	128485	Vanillin	PublicSpecLibrary	-1	175.0388946533203
58	0.8070137937654576	128519	Vanillin	PublicSpecLibrary	-1	175.0388946533203
58	0.8075735964322889	128551	Vanillin	PublicSpecLibrary	-1	175.0388946533203
58	0.8219045903422525	128585	Vanillin	PublicSpecLibrary	-1	175.0388946533203
58	0.8237035580354902	128619	Vanillin	PublicSpecLibrary	-1	175.0388946533203
58	0.8251970618388396	128654	Vanillin	PublicSpecLibrary	-1	175.0388946533203
58	0.7963627713161393	128687	Vanillin	PublicSpecLibrary	-1	175.0388946533203
58	0.8046741692684682	128720	Vanillin	PublicSpecLibrary	-1	175.0388946533203
58	0.8014623731565952	128756	Vanillin	PublicSpecLibrary	-1	175.0388946533203
58	0.8014839216618493	128791	Vanillin	PublicSpecLibrary	-1	175.0388946533203
58	0.7977528658430729	128827	Vanillin	PublicSpecLibrary	-1	175.0388946533203
58	0.8102427464853019	128860	Vanillin	PublicSpecLibrary	-1	175.0388946533203
58	0.7995824240075733	128894	Vanillin	PublicSpecLibrary	-1	175.0388946533203
58	0.7965895842447339	128928	Vanillin	PublicSpecLibrary	-1	175.0388946533203
58	0.7895954923690652	128962	Vanillin	PublicSpecLibrary	-1	175.0388946533203
58	0.800710662791612	128996	Vanillin	PublicSpecLibrary	-1	175.0388946533203
58	0.7942580925979048	129030	Vanillin	PublicSpecLibrary	-1	175.0388946533203
58	0.8026888236444165	129064	Vanillin	PublicSpecLibrary	-1	175.0388946533203
58	0.8082348050502283	129098	Vanillin	PublicSpecLibrary	-1	175.0388946533203
58	0.8317124663764472	129132	Vanillin	PublicSpecLibrary	-1	175.0388946533203
58	0.8363771852685671	129167	Vanillin	PublicSpecLibrary	-1	175.0388946533203
58	0.8294765972546457	129202	Vanillin	PublicSpecLibrary	-1	175.0388946533203
58	0.8293201312875288	129236	Vanillin	PublicSpecLibrary	-1	175.0388946533203
163	0.9364946066927042	24935	8-hydroxy-8-(3-octyloxiran-2-yl)octanoic acid [IIN-based on: CCMSLIB00000846585]	PublicSpecLibrary	1	261.2214660644531
163	0.865237831629961	35621	Pinolenic acid	PublicSpecLibrary	1	261.2214660644531
163	0.8179614281843283	35929	Pinolenic acid	PublicSpecLibrary	1	261.2214660644531
132	0.7364954552168991	32891	13-Keto-9Z,11E-octadecadienoic acid	PublicSpecLibrary	1	277.21612548828125
132	0.9367584959134492	33119	13S-Hydroxy-9Z,11E,15Z-octadecatrienoic acid	PublicSpecLibrary	1	277.21612548828125
132	0.9458033538584086	33297	9S-Hydroxy-10E,12Z,15Z-octadecatrienoic acid	PublicSpecLibrary	1	277.21612548828125
132	0.9786295981291452	33777	9,12-Octadecadiynoic Acid	PublicSpecLibrary	1	277.21612548828125
132	0.947682086522874	34652	cis-Parinaric acid	PublicSpecLibrary	1	277.21612548828125
132	0.9654043062843668	35019	13-Keto-9Z,11E-octadecadienoic acid	PublicSpecLibrary	1	277.21612548828125
132	0.8782803221992778	35361	9,12-Octadecadiynoic Acid	PublicSpecLibrary	1	277.21612548828125
132	0.919113382987214	35824	Stearidonic acid	PublicSpecLibrary	1	277.21612548828125
132	0.9372724624635632	36645	13S-Hydroxy-9Z,11E,15Z-octadecatrienoic acid	PublicSpecLibrary	1	277.21612548828125
132	0.9502965661865028	36813	13S-Hydroxy-9Z,11E,15Z-octadecatrienoic acid	PublicSpecLibrary	1	277.21612548828125
132	0.7711453100855992	37799	Stearidonic acid	PublicSpecLibrary	1	277.21612548828125
132	0.953585967450965	380779	FA 18:3+1O	PublicSpecLibrary	1	277.21612548828125
32	0.6500492928767536	93798	synapic_acid	PublicSpecLibrary	1	207.06515502929688
32	0.9723162454759674	108006	SINAPIC ACID CollisionEnergy:102040	PublicSpecLibrary	1	207.06515502929688
32	0.8355214412491282	119330	SINAPIC ACID CollisionEnergy:205060	PublicSpecLibrary	1	207.06515502929688
249	0.723776536728986	108745	Sarsasapogenin CollisionEnergy:102040	PublicSpecLibrary	1	399.3265686035156
131	0.7160843949374222	3050	Photopyrone D	PublicSpecLibrary	1	295.2266845703125
131	0.8016098829420135	379057	FA 18:2+1O	PublicSpecLibrary	1	295.2266845703125
131	0.8293342110788487	385437	FA 18:2+1O	PublicSpecLibrary	1	295.2266845703125
131	0.7923762910123966	437376	9-hydroxy-10,12-octadecadienoic acid	PublicSpecLibrary	1	295.2266845703125
84	0.7157089551199292	4011	TOP Psoriasis biomarker FeatureID=1247 295.226_C18H30O3_5.47_1247	PublicSpecLibrary	1	295.2266845703125
84	0.7268611160505621	33179	9-Oxo-10E,12Z-octadecadienoic acid	PublicSpecLibrary	1	295.2266845703125
84	0.7184986073358638	33983	9-Oxo-10E,12Z-octadecadienoic acid	PublicSpecLibrary	1	295.2266845703125
84	0.6515535111526598	36025	13-Keto-9Z,11E-octadecadienoic acid	PublicSpecLibrary	1	295.2266845703125
84	0.7016633201382529	383280	FA 18:3+1O	PublicSpecLibrary	1	295.2266845703125
84	0.6972803685782816	383747	FA 18:3+1O	PublicSpecLibrary	1	295.2266845703125
84	0.7704725985312483	385437	FA 18:2+1O	PublicSpecLibrary	1	295.2266845703125
84	0.7839931297883576	437376	9-hydroxy-10,12-octadecadienoic acid	PublicSpecLibrary	1	295.2266845703125
84	0.6685533619852433	437377	9-hydroxy-10,12-octadecadienoic acid	PublicSpecLibrary	1	295.2266845703125
98	0.7600033734179221	39470	hyocholic acid	PublicSpecLibrary	14	158.1539306640625
245	0.6743193570551865	40023	"""(3R,7R,9S,10S,12S,13R,14S,17R)-17-((2R)-6,7-dihydroxy-6-methylheptan-2-yl)-10,13-dimethylhexadecahydro-1H-cyclopenta[a]phenanthrene-3,7,12-triol"""	PublicSpecLibrary	12	417.33642578125
245	0.6537756416353762	40735	"""(3R,5R,7R,8S,9S,10S,12S,13R,14S,17R)-17-((R)-7-hydroxy-6-(hydroxymethyl)heptan-2-yl)-10,13-dimethylhexadecahydro-1H-cyclopenta[a]phenanthrene-3,7,12-triol"""	PublicSpecLibrary	12	417.33642578125
128	0.8989319216036873	22441	7b,9-Dihydroxy-3-(hydroxymethyl)-1,1,6,8-tetramethyl-5-oxo-1,1a,1b,4,4a,5,7a,7b,8,9-decahydro-9aH-cyclopropa[3,4]benzo[1,2-e]azulen-9a-yl acetate	PublicSpecLibrary	21	432.238037109375
128	0.9738029867995428	124444	6-[3-[(3,4-dimethoxyphenyl)methyl]-4-methoxy-2-(methoxymethyl)butyl]-4-methoxy-1,3-benzodioxole [IIN-based on: CCMSLIB00000848625]	PublicSpecLibrary	21	432.238037109375
128	0.9729091681022336	124561	2H-Oxireno[1,10a]phenanthro[3,2-b]furan-10(11bH)-one, 5,7-bis(acetyloxy)-3,3a,4,5,6,7,7a,7b,8,8a-decahydro-4,4,7a,11-tetramethyl-, (1aS,3aR,5S,7S,7aR,7bS,8aR,11bR)- [IIN-based on: CCMSLIB00000853048]	PublicSpecLibrary	21	432.238037109375
128	0.942899206436632	124919	7b,9-Dihydroxy-3-(hydroxymethyl)-1,1,6,8-tetramethyl-5-oxo-1,1a,1b,4,4a,5,7a,7b,8,9-decahydro-9aH-cyclopropa[3,4]benzo[1,2-e]azulen-9a-yl acetate [IIN-based: Match]	PublicSpecLibrary	21	432.238037109375
128	0.9260323834527984	124924	2H-Oxireno[1,10a]phenanthro[3,2-b]furan-10(11bH)-one, 5,7-bis(acetyloxy)-3,3a,4,5,6,7,7a,7b,8,8a-decahydro-4,4,7a,11-tetramethyl-, (1aS,3aR,5S,7S,7aR,7bS,8aR,11bR)- [IIN-based on: CCMSLIB00000853048]	PublicSpecLibrary	21	432.238037109375
119	0.8387349076120869	32861	Cyromazine	PublicSpecLibrary	-1	167.1065673828125
119	0.8640663154811487	399800	6-pentylpyran-2-one	PublicSpecLibrary	-1	167.1065673828125
119	0.8656190690057955	402038	4-tert-butylbenzene-1,2-diol	PublicSpecLibrary	-1	167.1065673828125
119	0.8503658373827893	403358	6-pentylpyran-2-one	PublicSpecLibrary	-1	167.1065673828125
119	0.8643440131333254	403642	6-pentylpyran-2-one	PublicSpecLibrary	-1	167.1065673828125
119	0.8503658373827893	403819	4-tert-butylbenzene-1,2-diol	PublicSpecLibrary	-1	167.1065673828125
119	0.8640663154811487	404173	4-tert-butylbenzene-1,2-diol	PublicSpecLibrary	-1	167.1065673828125
51	0.8238356356170136	16064	"6-Methyl-5,7a,13,13b-tetraaza-pentaphene-8,14-dione"""	PublicSpecLibrary	-1	329.1017150878906
51	0.7968041823700374	21069	3H-Oxireno[h][3]benzoxacyclododecin-7,13(2H,8H)-dione, 1a,4,5,13a-tetrahydro-10,12-dihydroxy-5-methyl-	PublicSpecLibrary	-1	329.1017150878906
51	0.8765347304169577	98251	"""3-Hydroxy-7,2',4'-trimethoxyflavone CollisionEnergy:102040"""	PublicSpecLibrary	-1	329.1017150878906
51	0.8771757574679272	98497	"""3-Hydroxy-6,2',4'-trimethoxyflavone CollisionEnergy:102040"""	PublicSpecLibrary	-1	329.1017150878906
51	0.8713386604700245	98830	"""3-Hydroxy-6,2',3'-trimethoxyflavone CollisionEnergy:102040"""	PublicSpecLibrary	-1	329.1017150878906
51	0.875550711735911	99689	"""3-Hydroxy-6,3',4'-trimethoxyflavone CollisionEnergy:102040"""	PublicSpecLibrary	-1	329.1017150878906
51	0.7485890185625109	109587	"""3-Hydroxy-7,2',4'-trimethoxyflavone CollisionEnergy:205060"""	PublicSpecLibrary	-1	329.1017150878906
51	0.7965992537785112	109829	"""3-Hydroxy-6,2',4'-trimethoxyflavone CollisionEnergy:205060"""	PublicSpecLibrary	-1	329.1017150878906
51	0.8163390057299129	110162	"""3-Hydroxy-6,2',3'-trimethoxyflavone CollisionEnergy:205060"""	PublicSpecLibrary	-1	329.1017150878906
51	0.7643499630108691	111024	"""3-Hydroxy-6,3',4'-trimethoxyflavone CollisionEnergy:205060"""	PublicSpecLibrary	-1	329.1017150878906
51	0.665120547437731	122040	americanin D	PublicSpecLibrary	-1	329.1017150878906
51	0.774490633975312	352997	BML01821 3-Hydroxy-3',4',5'-trimethoxyflavone	PublicSpecLibrary	-1	329.1017150878906
349	0.9198430498786266	10659	Pheophytin a	PublicSpecLibrary	24	871.57373046875
271	0.74318848861648	96411	brassicasterol	PublicSpecLibrary	1	399.36187744140625
240	0.7022886856318978	39991	"""(3R,5S,7R,9S,10S,12S,13R,14S,17R)-10,13-dimethyl-17-((R)-6-methylheptan-2-yl)hexadecahydro-1H-cyclopenta[a]phenanthrene-3,7,12-triol"""	PublicSpecLibrary	13	443.3523254394531
54	0.9550995469474032	5498	Dendrodolide N	PublicSpecLibrary	1	249.11209106445312
54	0.9660131420715112	30865	Olivetonide	PublicSpecLibrary	1	249.11209106445312
54	0.965460682139842	31381	Olivetonide	PublicSpecLibrary	1	249.11209106445312
104	0.7718327438455297	13791	TerbinafineHCl	PublicSpecLibrary	1	293.2110900878906
104	0.857615751125491	36922	trans-EKODE-(E)-Ib	PublicSpecLibrary	1	293.2110900878906
104	0.8850339154553054	384494	FA 18:3+1O	PublicSpecLibrary	1	293.2110900878906
334	0.8983189494794167	4782	Contaminants septum vial Thermo C4000-53 and C4000-54 serie	PublicSpecLibrary	-1	536.1654052734375
88	0.878211856940768	109241	(1R)-(-)-Nopol CollisionEnergy:102040	PublicSpecLibrary	1	149.1325225830078
88	0.7218524887115022	120567	(1R)-(-)-Nopol CollisionEnergy:205060	PublicSpecLibrary	1	149.1325225830078
106	0.9259492641855804	376982	(8R,9S,13S,14S,17S)-13-methyl-6,7,8,9,11,12,14,15,16,17-decahydrocyclopenta[a]phenanthrene-3,17-diol	PublicSpecLibrary	1	273.1849365234375
146	0.9562450284524568	24935	8-hydroxy-8-(3-octyloxiran-2-yl)octanoic acid [IIN-based on: CCMSLIB00000846585]	PublicSpecLibrary	1	261.22137451171875
146	0.7622392212977629	35435	Pinolenic acid	PublicSpecLibrary	1	261.22137451171875
146	0.9163944353816632	35621	Pinolenic acid	PublicSpecLibrary	1	261.22137451171875
146	0.903920909111266	35929	Pinolenic acid	PublicSpecLibrary	1	261.22137451171875
186	0.9280291011537796	32372	Palmitoyl ethanolamide	PublicSpecLibrary	25	300.2896423339844
186	0.9182449066595464	36194	Palmitoyl ethanolamide	PublicSpecLibrary	25	300.2896423339844
161	0.6703975740278781	34501	12(13)-Epoxy-9Z-octadecenoic acid	PublicSpecLibrary	-1	297.24237060546875
161	0.701389196435262	35219	9(10)-EpOME	PublicSpecLibrary	-1	297.24237060546875
207	0.9267934565460968	20718	2,3-dihydroxypropyl hexadecanoate	PublicSpecLibrary	41	313.2735900878906
57	0.6511938652892454	93798	synapic_acid	PublicSpecLibrary	1	207.0651397705078
57	0.9754075610409266	108006	SINAPIC ACID CollisionEnergy:102040	PublicSpecLibrary	1	207.0651397705078
57	0.8343897503357751	119330	SINAPIC ACID CollisionEnergy:205060	PublicSpecLibrary	1	207.0651397705078
121	0.6638492021301305	33043	12(S)-Hydroxy-16-heptadecynoic acid	PublicSpecLibrary	5	265.2161865234375
121	0.7143724444101907	35482	12(S)-Hydroxy-16-heptadecynoic acid	PublicSpecLibrary	5	265.2161865234375
99	0.880162438966194	16276	19-Nortestosterone	PublicSpecLibrary	1	275.20050048828125
99	0.9083086855069072	23653	8-{(1S,5R)-4-Oxo-5-[(2Z)-2-penten-1-yl]-2-cyclopenten-1-yl}octanoic acid	PublicSpecLibrary	1	275.20050048828125
99	0.6992854201254223	23712	2H-Pyran-2-one, tetrahydro-4-hydroxy-6-[2-(1,2,4a,5,6,7,8,8a-octahydro-2-methyl-1-naphthalenyl)ethyl]-	PublicSpecLibrary	1	275.20050048828125
99	0.8801038020887122	33091	Nandrolone	PublicSpecLibrary	1	275.20050048828125
99	0.7151775620074671	34142	9-OxoOTrE	PublicSpecLibrary	1	275.20050048828125
99	0.9051094974460714	35966	Nandrolone	PublicSpecLibrary	1	275.20050048828125
99	0.7919044404499089	353821	Nandrolone	PublicSpecLibrary	1	275.20050048828125
99	0.791904436665566	409114	Nandrolone	PublicSpecLibrary	1	275.20050048828125
223	0.9718306133851023	109175	AC1L1X1Z CollisionEnergy:102040	PublicSpecLibrary	34	637.3051147460938
223	0.7764941645287113	120503	AC1L1X1Z CollisionEnergy:205060	PublicSpecLibrary	34	637.3051147460938
145	0.9371058878317354	33305	12(13)-Epoxy-9Z-octadecenoic acid	PublicSpecLibrary	1	243.21072387695312
145	0.9378885276031972	33922	9(10)-EpOME	PublicSpecLibrary	1	243.21072387695312
145	0.9351181059941406	35197	Pinolenic acid	PublicSpecLibrary	1	243.21072387695312
105	0.7076884379796119	33140	trans-EKODE-(E)-Ib	PublicSpecLibrary	1	311.2216491699219
105	0.6959751063489741	33719	trans-EKODE-(E)-Ib	PublicSpecLibrary	1	311.2216491699219
105	0.6928114745373172	36161	trans-EKODE-(E)-Ib	PublicSpecLibrary	1	311.2216491699219
138	0.8212173809418238	7028	1-methyl-4-(6-methylhept-5-en-2-yl)-2,3-dioxabicyclo[2.2.2]oct-5-ene	PublicSpecLibrary	-1	219.17433166503903
138	0.7013855740647558	23449	2(1H)-Naphthalenone, 4a,5,6,7,8,8a-hexahydro-6-hydroxy-3,8-dimethyl-5-(1-methylethyl)-, (4aR,5S,6S,8R,8aS)-	PublicSpecLibrary	-1	219.17433166503903
138	0.7598995064870722	33554	Curcumol	PublicSpecLibrary	-1	219.17433166503903
138	0.8114930916048558	34379	2,6-Di-tert-butyl-4-hydroxymethylphenol	PublicSpecLibrary	-1	219.17433166503903
138	0.8656014375553328	34628	Curcumol	PublicSpecLibrary	-1	219.17433166503903
138	0.952270068577724	37011	2,6-Di-tert-butyl-4-hydroxymethylphenol	PublicSpecLibrary	-1	219.17433166503903
138	0.954167348189002	37032	2,6-Di-tert-butyl-4-hydroxymethylphenol	PublicSpecLibrary	-1	219.17433166503903
138	0.9644283470359574	102037	"""(+)-Nootkatone, crystalline, 98+% CollisionEnergy:102040"""	PublicSpecLibrary	-1	219.17433166503903
138	0.888852401433445	108439	Zerumbone CollisionEnergy:102040	PublicSpecLibrary	-1	219.17433166503903
138	0.7997540928841906	113371	"""(+)-Nootkatone, crystalline, 98+% CollisionEnergy:205060"""	PublicSpecLibrary	-1	219.17433166503903
138	0.6682193400198507	119764	Zerumbone CollisionEnergy:205060	PublicSpecLibrary	-1	219.17433166503903
138	0.8391482775098448	187507	(4R,4aS,6R)-6-isopropenyl-4,4a-dimethyl-4,4a,5,6,7,8-hexahydro-2(3H)-naphthalenone	PublicSpecLibrary	-1	219.17433166503903
138	0.8691733758764106	187515	(4R,4aS,6R)-6-isopropenyl-4,4a-dimethyl-4,4a,5,6,7,8-hexahydro-2(3H)-naphthalenone	PublicSpecLibrary	-1	219.17433166503903
138	0.8446801708269567	187523	(4R,4aS,6R)-6-isopropenyl-4,4a-dimethyl-4,4a,5,6,7,8-hexahydro-2(3H)-naphthalenone	PublicSpecLibrary	-1	219.17433166503903
138	0.8679542871093773	187531	(4R,4aS,6R)-6-isopropenyl-4,4a-dimethyl-4,4a,5,6,7,8-hexahydro-2(3H)-naphthalenone	PublicSpecLibrary	-1	219.17433166503903
138	0.8818570852974399	187539	(4R,4aS,6R)-6-isopropenyl-4,4a-dimethyl-4,4a,5,6,7,8-hexahydro-2(3H)-naphthalenone	PublicSpecLibrary	-1	219.17433166503903
138	0.8660995046578598	187547	(4R,4aS,6R)-6-isopropenyl-4,4a-dimethyl-4,4a,5,6,7,8-hexahydro-2(3H)-naphthalenone	PublicSpecLibrary	-1	219.17433166503903
138	0.8730736140095933	187555	(4R,4aS,6R)-6-isopropenyl-4,4a-dimethyl-4,4a,5,6,7,8-hexahydro-2(3H)-naphthalenone	PublicSpecLibrary	-1	219.17433166503903
138	0.8870196528135511	187563	(4R,4aS,6R)-6-isopropenyl-4,4a-dimethyl-4,4a,5,6,7,8-hexahydro-2(3H)-naphthalenone	PublicSpecLibrary	-1	219.17433166503903
138	0.875483627343864	187571	(4R,4aS,6R)-6-isopropenyl-4,4a-dimethyl-4,4a,5,6,7,8-hexahydro-2(3H)-naphthalenone	PublicSpecLibrary	-1	219.17433166503903
138	0.8618204828724454	187579	(4R,4aS,6R)-6-isopropenyl-4,4a-dimethyl-4,4a,5,6,7,8-hexahydro-2(3H)-naphthalenone	PublicSpecLibrary	-1	219.17433166503903
138	0.8729667686260326	187587	(4R,4aS,6R)-6-isopropenyl-4,4a-dimethyl-4,4a,5,6,7,8-hexahydro-2(3H)-naphthalenone	PublicSpecLibrary	-1	219.17433166503903
138	0.9434734452158556	187595	(4R,4aS,6R)-6-isopropenyl-4,4a-dimethyl-4,4a,5,6,7,8-hexahydro-2(3H)-naphthalenone	PublicSpecLibrary	-1	219.17433166503903
138	0.8442254996389534	187603	(4R,4aS,6R)-6-isopropenyl-4,4a-dimethyl-4,4a,5,6,7,8-hexahydro-2(3H)-naphthalenone	PublicSpecLibrary	-1	219.17433166503903
138	0.8632896318302045	187611	(4R,4aS,6R)-6-isopropenyl-4,4a-dimethyl-4,4a,5,6,7,8-hexahydro-2(3H)-naphthalenone	PublicSpecLibrary	-1	219.17433166503903
138	0.8728766175991941	187619	(4R,4aS,6R)-6-isopropenyl-4,4a-dimethyl-4,4a,5,6,7,8-hexahydro-2(3H)-naphthalenone	PublicSpecLibrary	-1	219.17433166503903
138	0.8064045834005397	187627	(4R,4aS,6R)-6-isopropenyl-4,4a-dimethyl-4,4a,5,6,7,8-hexahydro-2(3H)-naphthalenone	PublicSpecLibrary	-1	219.17433166503903
138	0.8881181735528371	187635	(4R,4aS,6R)-6-isopropenyl-4,4a-dimethyl-4,4a,5,6,7,8-hexahydro-2(3H)-naphthalenone	PublicSpecLibrary	-1	219.17433166503903
138	0.8727121541820232	187643	(4R,4aS,6R)-6-isopropenyl-4,4a-dimethyl-4,4a,5,6,7,8-hexahydro-2(3H)-naphthalenone	PublicSpecLibrary	-1	219.17433166503903
138	0.9191858143029522	187651	(4R,4aS,6R)-6-isopropenyl-4,4a-dimethyl-4,4a,5,6,7,8-hexahydro-2(3H)-naphthalenone	PublicSpecLibrary	-1	219.17433166503903
138	0.7961715698684573	187659	(4R,4aS,6R)-6-isopropenyl-4,4a-dimethyl-4,4a,5,6,7,8-hexahydro-2(3H)-naphthalenone	PublicSpecLibrary	-1	219.17433166503903
138	0.8350021360216905	187667	(4R,4aS,6R)-6-isopropenyl-4,4a-dimethyl-4,4a,5,6,7,8-hexahydro-2(3H)-naphthalenone	PublicSpecLibrary	-1	219.17433166503903
138	0.9149079857221069	187675	(4R,4aS,6R)-6-isopropenyl-4,4a-dimethyl-4,4a,5,6,7,8-hexahydro-2(3H)-naphthalenone	PublicSpecLibrary	-1	219.17433166503903
138	0.864748590447006	187683	(4R,4aS,6R)-6-isopropenyl-4,4a-dimethyl-4,4a,5,6,7,8-hexahydro-2(3H)-naphthalenone	PublicSpecLibrary	-1	219.17433166503903
138	0.9130226193037508	366050	(1S,3R,3aS,4R,6R,8aR,9R)-Decahydro-1,5,5,8a-tetramethyl-1,4-methanoazulene-3,6,9-triol	PublicSpecLibrary	-1	219.17433166503903
138	0.7753559231711685	366097	(1S,3R,3aS,4R,6R,8aR,9R)-Decahydro-1,5,5,8a-tetramethyl-1,4-methanoazulene-3,6,9-triol	PublicSpecLibrary	-1	219.17433166503903
138	0.9089823162987511	366649	(1S,3R,3aS,4R,6R,8aR,9R)-Decahydro-1,5,5,8a-tetramethyl-1,4-methanoazulene-3,6,9-triol	PublicSpecLibrary	-1	219.17433166503903
138	0.95765857920755	401464	(4R,4aS,6R)-4,4a-dimethyl-6-prop-1-en-2-yl-3,4,5,6,7,8-hexahydronaphthalen-2-one	PublicSpecLibrary	-1	219.17433166503903
138	0.995220544886284	404948	(4R,4aS,6R)-4,4a-dimethyl-6-prop-1-en-2-yl-3,4,5,6,7,8-hexahydronaphthalen-2-one	PublicSpecLibrary	-1	219.17433166503903
138	0.9969881190030786	405356	alpha-Cyperone	PublicSpecLibrary	-1	219.17433166503903
138	0.989812800765476	405619	alpha-Cyperone	PublicSpecLibrary	-1	219.17433166503903
138	0.9956942269868028	406757	alpha-Cyperone	PublicSpecLibrary	-1	219.17433166503903
138	0.9561652521303629	407029	alpha-Cyperone	PublicSpecLibrary	-1	219.17433166503903
138	0.6572869977707959	407092	alpha-Cyperone	PublicSpecLibrary	-1	219.17433166503903
138	0.6572869977707959	407228	alpha-Cyperone	PublicSpecLibrary	-1	219.17433166503903
138	0.9956732588770876	407534	alpha-Cyperone	PublicSpecLibrary	-1	219.17433166503903
138	0.8871293840093183	408072	alpha-Cyperone	PublicSpecLibrary	-1	219.17433166503903
138	0.9537862838514916	408431	alpha-Cyperone	PublicSpecLibrary	-1	219.17433166503903
138	0.8215811868579316	488627	(+)-Nootkatone - 40.0 eV	PublicSpecLibrary	-1	219.17433166503903
138	0.820429636097461	488628	(+)-Nootkatone - 40.0 eV	PublicSpecLibrary	-1	219.17433166503903
138	0.8076996814654457	488629	(+)-Nootkatone - 40.0 eV	PublicSpecLibrary	-1	219.17433166503903
138	0.8060673491329892	488630	(+)-Nootkatone - 40.0 eV	PublicSpecLibrary	-1	219.17433166503903
138	0.8090213890390905	488631	(+)-Nootkatone - 40.0 eV	PublicSpecLibrary	-1	219.17433166503903
29	0.8943079151711616	8543	4-HYDROXYBENZALDEHYDE - 20.0 eV	PublicSpecLibrary	-1	123.04407501220705
29	0.8911989667772015	8544	4-HYDROXYBENZALDEHYDE - 30.0 eV	PublicSpecLibrary	-1	123.04407501220705
29	0.9064301095440812	8545	4-HYDROXYBENZALDEHYDE - 40.0 eV	PublicSpecLibrary	-1	123.04407501220705
29	0.7672770085640833	8546	4-HYDROXYBENZALDEHYDE - 50.0 eV	PublicSpecLibrary	-1	123.04407501220705
29	0.6708247158047821	8547	4-HYDROXYBENZALDEHYDE - 60.0 eV	PublicSpecLibrary	-1	123.04407501220705
29	0.8943079151711616	8549	4-HYDROXYBENZALDEHYDE - 20.0 eV	PublicSpecLibrary	-1	123.04407501220705
29	0.8911989667772015	8550	4-HYDROXYBENZALDEHYDE - 30.0 eV	PublicSpecLibrary	-1	123.04407501220705
29	0.9064301095440812	8551	4-HYDROXYBENZALDEHYDE - 40.0 eV	PublicSpecLibrary	-1	123.04407501220705
29	0.7672770085640833	8552	4-HYDROXYBENZALDEHYDE - 50.0 eV	PublicSpecLibrary	-1	123.04407501220705
29	0.6708247158047821	8553	4-HYDROXYBENZALDEHYDE - 60.0 eV	PublicSpecLibrary	-1	123.04407501220705
29	0.7284761513452243	32244	Benzoic acid	PublicSpecLibrary	-1	123.04407501220705
29	0.8688317090804406	32902	Salicylaldehyde	PublicSpecLibrary	-1	123.04407501220705
29	0.7814727688771376	35732	4-Hydroxybenzaldehyde	PublicSpecLibrary	-1	123.04407501220705
29	0.7568813105228486	37523	Salicylaldehyde	PublicSpecLibrary	-1	123.04407501220705
29	0.8648961546474252	101838	4-hydroxybenzaldehyde CollisionEnergy:102040	PublicSpecLibrary	-1	123.04407501220705
29	0.7751318329947702	113175	4-hydroxybenzaldehyde CollisionEnergy:205060	PublicSpecLibrary	-1	123.04407501220705
29	0.8145166472776311	467137	4-HYDROXYBENZALDEHYDE	PublicSpecLibrary	-1	123.04407501220705
29	0.838232660879914	467166	4-HYDROXYBENZALDEHYDE	PublicSpecLibrary	-1	123.04407501220705
29	0.7644407036652576	469187	3-HYDROXYBENZYL ALCOHOL	PublicSpecLibrary	-1	123.04407501220705
29	0.8126723780812593	485280	4-Hydroxybenzaldehyde - 40.0 eV	PublicSpecLibrary	-1	123.04407501220705
29	0.851296226960291	485281	4-Hydroxybenzaldehyde - 40.0 eV	PublicSpecLibrary	-1	123.04407501220705
29	0.8179681888406333	485282	4-Hydroxybenzaldehyde - 40.0 eV	PublicSpecLibrary	-1	123.04407501220705
29	0.8346928522857668	485283	4-Hydroxybenzaldehyde - 40.0 eV	PublicSpecLibrary	-1	123.04407501220705
29	0.7446582441495232	485288	4-Hydroxybenzaldehyde - 40.0 eV	PublicSpecLibrary	-1	123.04407501220705
29	0.7262533608543428	485289	4-Hydroxybenzaldehyde - 40.0 eV	PublicSpecLibrary	-1	123.04407501220705
270	0.7346221735846862	122789	Arg-C17:0	PublicSpecLibrary	13	427.3568420410156
63	0.7795653054337413	19879	2-(3,4-dihydroxyphenyl)-5,7-dihydroxy-3,6-dimethoxychromen-4-one	PublicSpecLibrary	1	347.0760498046875
63	0.9947961228939376	34845	3',5'-Dimethoxy-3,5,7,4'-tetrahydroxyflavone	PublicSpecLibrary	1	347.0760498046875
63	0.992976521285655	103134	"""3-(3,4-dimethoxyphenyl)-6-chloro-7-hydroxy-4-methylchromen-2-one CollisionEnergy:102040"""	PublicSpecLibrary	1	347.0760498046875
63	0.7487694714908091	104548	Monorden CollisionEnergy:102040	PublicSpecLibrary	1	347.0760498046875
63	0.9609229498665208	106476	Limocitrin CollisionEnergy:102040	PublicSpecLibrary	1	347.0760498046875
63	0.9606612425059516	114470	"""3-(3,4-dimethoxyphenyl)-6-chloro-7-hydroxy-4-methylchromen-2-one CollisionEnergy:205060"""	PublicSpecLibrary	1	347.0760498046875
63	0.8830510455437489	117809	Limocitrin CollisionEnergy:205060	PublicSpecLibrary	1	347.0760498046875
63	0.891999939678791	117811	Limocitrin CollisionEnergy:205060	PublicSpecLibrary	1	347.0760498046875
63	0.99198093390352	463377	2-(3,4-dihydroxyphenyl)-5,7-dihydroxy-6,8-dimethoxychromen-4-one	PublicSpecLibrary	1	347.0760498046875
63	0.8367179860451537	463379	2-(3,4-dihydroxyphenyl)-5,7-dihydroxy-6,8-dimethoxychromen-4-one	PublicSpecLibrary	1	347.0760498046875
234	0.7745449541206539	1076	Pheophorbide A	PublicSpecLibrary	20	593.2756958007812
234	0.919996917275148	12252	4.Phaeophorbide a	PublicSpecLibrary	20	593.2756958007812
134	0.8369592674143752	33312	.alpha.-Linolenoyl ethanolamide	PublicSpecLibrary	25	322.2740783691406
134	0.8410428240179226	33416	.alpha.-Linolenoyl ethanolamide	PublicSpecLibrary	25	322.2740783691406
134	0.8803185835564201	33851	.alpha.-Linolenoyl ethanolamide	PublicSpecLibrary	25	322.2740783691406
134	0.8636161499283117	35708	.alpha.-Linolenoyl ethanolamide	PublicSpecLibrary	25	322.2740783691406
134	0.8448859298655281	36153	.alpha.-Linolenoyl ethanolamide	PublicSpecLibrary	25	322.2740783691406
116	0.8227988296550974	33140	trans-EKODE-(E)-Ib	PublicSpecLibrary	1	311.2216796875
116	0.814611430519702	33719	trans-EKODE-(E)-Ib	PublicSpecLibrary	1	311.2216796875
116	0.8144843509055091	36161	trans-EKODE-(E)-Ib	PublicSpecLibrary	1	311.2216796875
75	0.9382856266122768	16024	Propranolol HCl	PublicSpecLibrary	-1	260.16448974609375
75	0.980868311294108	354790	1-(1-naphthalenyloxy)-3-(propan-2-ylamino)-2-propanol	PublicSpecLibrary	-1	260.16448974609375
75	0.6824764864777362	354791	1-(1-naphthalenyloxy)-3-(propan-2-ylamino)-2-propanol	PublicSpecLibrary	-1	260.16448974609375
75	0.981089927103761	354796	1-(1-naphthalenyloxy)-3-(propan-2-ylamino)-2-propanol	PublicSpecLibrary	-1	260.16448974609375
75	0.8823473307017823	365593	1-Naphthalen-1-yloxy-3-(propan-2-ylamino)propan-2-ol	PublicSpecLibrary	-1	260.16448974609375
75	0.9689713039630382	369625	1-(1-naphthalenyloxy)-3-(propan-2-ylamino)-2-propanol	PublicSpecLibrary	-1	260.16448974609375
75	0.9824371608029272	371614	1-(1-naphthalenyloxy)-3-(propan-2-ylamino)-2-propanol	PublicSpecLibrary	-1	260.16448974609375
75	0.9586037292770724	399520	1-naphthalen-1-yloxy-3-(propan-2-ylamino)propan-2-ol	PublicSpecLibrary	-1	260.16448974609375
75	0.9712366634606264	404841	1-naphthalen-1-yloxy-3-(propan-2-ylamino)propan-2-ol	PublicSpecLibrary	-1	260.16448974609375
75	0.9539459362706936	412620	1-naphthalen-1-yloxy-3-(propan-2-ylamino)propan-2-ol	PublicSpecLibrary	-1	260.16448974609375
75	0.9919650918654926	417456	1-naphthalen-1-yloxy-3-(propan-2-ylamino)propan-2-ol	PublicSpecLibrary	-1	260.16448974609375
75	0.7708522648765102	417681	MoNA:4695 Dociton	PublicSpecLibrary	-1	260.16448974609375
75	0.9776268073853884	468077	PROPRANOLOL	PublicSpecLibrary	-1	260.16448974609375
75	0.9838605093589352	470004	PROPRANOLOL	PublicSpecLibrary	-1	260.16448974609375
75	0.988228299318788	470396	PROPRANOLOL	PublicSpecLibrary	-1	260.16448974609375
75	0.9919650918654926	483541	Propranolol	PublicSpecLibrary	-1	260.16448974609375
75	0.9794621066494484	488215	propranolol - 40.0 eV	PublicSpecLibrary	-1	260.16448974609375
75	0.9783560846069088	488216	propranolol - 40.0 eV	PublicSpecLibrary	-1	260.16448974609375
75	0.9765395926152632	488217	propranolol - 40.0 eV	PublicSpecLibrary	-1	260.16448974609375
75	0.9846580846030204	488218	propranolol - 40.0 eV	PublicSpecLibrary	-1	260.16448974609375
75	0.9712871322279129	488219	propranolol - 40.0 eV	PublicSpecLibrary	-1	260.16448974609375
75	0.6680014066178779	488227	propranolol - 40.0 eV	PublicSpecLibrary	-1	260.16448974609375
62	0.9962525003373088	108011	syringetin-3-o-glucoside CollisionEnergy:102040	PublicSpecLibrary	1	509.1289367675781
62	0.9643028560516094	119335	syringetin-3-o-glucoside CollisionEnergy:205060	PublicSpecLibrary	1	509.1289367675781
62	0.99078936388928	363621	Syrg-3-Gal	PublicSpecLibrary	1	509.1289367675781
62	0.9906023813645632	363622	Syrg-3-Glc	PublicSpecLibrary	1	509.1289367675781
62	0.9830498707522616	378653	Syringetin-3-O-glucoside	PublicSpecLibrary	1	509.1289367675781
62	0.956726006713714	378692	Syringetin-3-O-glucoside	PublicSpecLibrary	1	509.1289367675781
62	0.9737474641637858	381125	Syringetin-3-O-glucoside	PublicSpecLibrary	1	509.1289367675781
62	0.9831184308268452	382593	Syringetin-3-O-glucoside	PublicSpecLibrary	1	509.1289367675781
62	0.9801176780398366	386310	Syringetin-3-O-glucoside	PublicSpecLibrary	1	509.1289367675781
62	0.9764187044285338	387178	Syringetin-3-O-glucoside	PublicSpecLibrary	1	509.1289367675781
62	0.9829187288049008	387806	Syringetin-3-O-glucoside	PublicSpecLibrary	1	509.1289367675781
62	0.9907893636857787	395214	Syrg-3-Gal	PublicSpecLibrary	1	509.1289367675781
62	0.9906023815338842	397426	5,7-dihydroxy-2-(4-hydroxy-3,5-dimethoxyphenyl)-3-[(2S,3R,4S,5S,6R)-3,4,5-trihydroxy-6-(hydroxymethyl)oxan-2-yl]oxychromen-4-one	PublicSpecLibrary	1	509.1289367675781
62	0.9909301759880093	480387	5,7-dihydroxy-2-(4-hydroxy-3,5-dimethoxyphenyl)-3-[(2S,3R,4S,5R,6R)-3,4,5-trihydroxy-6-(hydroxymethyl)oxan-2-yl]oxychromen-4-one	PublicSpecLibrary	1	509.1289367675781
62	0.9908523173842558	480388	5,7-dihydroxy-2-(4-hydroxy-3,5-dimethoxyphenyl)-3-[(2S,3R,4S,5S,6R)-3,4,5-trihydroxy-6-(hydroxymethyl)oxan-2-yl]oxychromen-4-one	PublicSpecLibrary	1	509.1289367675781
257	0.6750645727538133	32502	Glycerol 1-stearate	PublicSpecLibrary	36	359.3155517578125
257	0.663242945089202	33249	Glycerol 1-stearate	PublicSpecLibrary	36	359.3155517578125
257	0.6542971952321577	33790	Glycerol 1-stearate	PublicSpecLibrary	36	359.3155517578125
257	0.9353294467433612	33918	Glycerol 1-stearate	PublicSpecLibrary	36	359.3155517578125
257	0.6811740597782739	35880	Glycerol 1-stearate	PublicSpecLibrary	36	359.3155517578125
257	0.7032106293757215	37184	Glycerol 1-stearate	PublicSpecLibrary	36	359.3155517578125
248	0.8181644676024595	29345	B10A30 Faulkner legacy library looks like sterol or lipid needs to be verified	PublicSpecLibrary	1	395.3671875
112	0.9995876250999738	5102	sphingosin C16 (Artifact)-emf	PublicSpecLibrary	8	274.2741394042969
112	0.7925311521190314	401938	2-[dodecyl(2-hydroxyethyl)amino]ethanol	PublicSpecLibrary	8	274.2741394042969
112	0.998871743061356	404801	2-[dodecyl(2-hydroxyethyl)amino]ethanol	PublicSpecLibrary	8	274.2741394042969
111	0.9988651978097768	5102	sphingosin C16 (Artifact)-emf	PublicSpecLibrary	8	274.27410888671875
111	0.7847386815719981	401938	2-[dodecyl(2-hydroxyethyl)amino]ethanol	PublicSpecLibrary	8	274.27410888671875
111	0.9990157298217094	404801	2-[dodecyl(2-hydroxyethyl)amino]ethanol	PublicSpecLibrary	8	274.27410888671875
152	0.941192094572772	36109	9S-Hydroxy-10E,12Z,15Z-octadecatrienoic acid	PublicSpecLibrary	1	259.2055969238281
152	0.8664406511048246	37035	Stearidonic acid	PublicSpecLibrary	1	259.2055969238281
151	0.7339603825399411	32891	13-Keto-9Z,11E-octadecadienoic acid	PublicSpecLibrary	1	277.2160949707031
151	0.8829172494527886	33119	13S-Hydroxy-9Z,11E,15Z-octadecatrienoic acid	PublicSpecLibrary	1	277.2160949707031
151	0.9011242965463028	33297	9S-Hydroxy-10E,12Z,15Z-octadecatrienoic acid	PublicSpecLibrary	1	277.2160949707031
151	0.9277665765285056	33777	9,12-Octadecadiynoic Acid	PublicSpecLibrary	1	277.2160949707031
151	0.8873620589226826	34652	cis-Parinaric acid	PublicSpecLibrary	1	277.2160949707031
151	0.9124166236030568	35019	13-Keto-9Z,11E-octadecadienoic acid	PublicSpecLibrary	1	277.2160949707031
151	0.8841493882440354	35361	9,12-Octadecadiynoic Acid	PublicSpecLibrary	1	277.2160949707031
151	0.8611222197040704	35824	Stearidonic acid	PublicSpecLibrary	1	277.2160949707031
151	0.6895270435337563	36282	9-Oxo-10E,12Z-octadecadienoic acid	PublicSpecLibrary	1	277.2160949707031
151	0.8919792246474412	36645	13S-Hydroxy-9Z,11E,15Z-octadecatrienoic acid	PublicSpecLibrary	1	277.2160949707031
151	0.8911534223050952	36813	13S-Hydroxy-9Z,11E,15Z-octadecatrienoic acid	PublicSpecLibrary	1	277.2160949707031
151	0.800564575548891	37799	Stearidonic acid	PublicSpecLibrary	1	277.2160949707031
151	0.8988818625023927	380779	FA 18:3+1O	PublicSpecLibrary	1	277.2160949707031
331	0.8419660051184348	10659	Pheophytin a	PublicSpecLibrary	24	871.5743408203125
375	0.7492650669717434	53009	GalCer(d18:2/20:1)	PublicSpecLibrary	1	752.6033935546875
375	0.7492650669717434	53229	GalCer(d18:2/20:1)	PublicSpecLibrary	1	752.6033935546875
375	0.7621677982403435	53719	GalCer(d18:2/20:1)	PublicSpecLibrary	1	752.6033935546875
375	0.7574534569243372	55443	GalCer(d18:2/20:1)	PublicSpecLibrary	1	752.6033935546875
375	0.7566844524143829	55617	GalCer(d18:2/20:1)	PublicSpecLibrary	1	752.6033935546875
187	0.6961243932066543	122789	Arg-C17:0	PublicSpecLibrary	1	427.3566284179687
115	0.7065277482778134	36922	trans-EKODE-(E)-Ib	PublicSpecLibrary	1	293.2110900878906
115	0.7057224972404581	37602	trans-EKODE-(E)-Ib	PublicSpecLibrary	1	293.2110900878906
115	0.7882283877688895	384494	FA 18:3+1O	PublicSpecLibrary	1	293.2110900878906
107	0.8018620439347302	383553	FA 18:3+2O	PublicSpecLibrary	1	309.20599365234375
291	0.8156871194518661	29345	B10A30 Faulkner legacy library looks like sterol or lipid needs to be verified	PublicSpecLibrary	1	395.3674011230469
108	0.8169544982224767	16276	19-Nortestosterone	PublicSpecLibrary	-1	275.2006530761719
108	0.8457530041205517	23653	8-{(1S,5R)-4-Oxo-5-[(2Z)-2-penten-1-yl]-2-cyclopenten-1-yl}octanoic acid	PublicSpecLibrary	-1	275.2006530761719
108	0.6541151105163159	23712	2H-Pyran-2-one, tetrahydro-4-hydroxy-6-[2-(1,2,4a,5,6,7,8,8a-octahydro-2-methyl-1-naphthalenyl)ethyl]-	PublicSpecLibrary	-1	275.2006530761719
108	0.812322931261225	33091	Nandrolone	PublicSpecLibrary	-1	275.2006530761719
108	0.6767251982395281	34142	9-OxoOTrE	PublicSpecLibrary	-1	275.2006530761719
108	0.8373256103289506	35966	Nandrolone	PublicSpecLibrary	-1	275.2006530761719
108	0.7285880301832762	353821	Nandrolone	PublicSpecLibrary	-1	275.2006530761719
108	0.7285880267075983	409114	Nandrolone	PublicSpecLibrary	-1	275.2006530761719
139	0.807218205615044	32891	13-Keto-9Z,11E-octadecadienoic acid	PublicSpecLibrary	1	277.2161560058594
139	0.925170373350968	33119	13S-Hydroxy-9Z,11E,15Z-octadecatrienoic acid	PublicSpecLibrary	1	277.2161560058594
139	0.9691019103953016	33297	9S-Hydroxy-10E,12Z,15Z-octadecatrienoic acid	PublicSpecLibrary	1	277.2161560058594
139	0.9605351594290372	33777	9,12-Octadecadiynoic Acid	PublicSpecLibrary	1	277.2161560058594
139	0.9126062459053708	34652	cis-Parinaric acid	PublicSpecLibrary	1	277.2161560058594
139	0.945584142771094	35019	13-Keto-9Z,11E-octadecadienoic acid	PublicSpecLibrary	1	277.2161560058594
139	0.9088771108340572	35361	9,12-Octadecadiynoic Acid	PublicSpecLibrary	1	277.2161560058594
139	0.8840097803415161	35824	Stearidonic acid	PublicSpecLibrary	1	277.2161560058594
139	0.6753696501280227	36282	9-Oxo-10E,12Z-octadecadienoic acid	PublicSpecLibrary	1	277.2161560058594
139	0.9667651250517264	36645	13S-Hydroxy-9Z,11E,15Z-octadecatrienoic acid	PublicSpecLibrary	1	277.2161560058594
139	0.9141609168516192	36813	13S-Hydroxy-9Z,11E,15Z-octadecatrienoic acid	PublicSpecLibrary	1	277.2161560058594
139	0.8214232127418223	37799	Stearidonic acid	PublicSpecLibrary	1	277.2161560058594
139	0.932601555112888	380779	FA 18:3+1O	PublicSpecLibrary	1	277.2161560058594
220	0.8000974188804579	4954	Ceratodictyol	PublicSpecLibrary	36	331.2842712402344
220	0.8104571175678392	20717	2,3-dihydroxypropyl hexadecanoate	PublicSpecLibrary	36	331.2842712402344
220	0.8106426239962331	24348	2,3-dihydroxypropyl hexadecanoate [IIN-based on: CCMSLIB00000849057]	PublicSpecLibrary	36	331.2842712402344
220	0.7101913237040589	29258	B18A15a	PublicSpecLibrary	36	331.2842712402344
220	0.6749608540021819	33227	1-Hexadecanoyl-sn-glycerol	PublicSpecLibrary	36	331.2842712402344
220	0.7569858594943661	33228	1-Hexadecanoyl-sn-glycerol	PublicSpecLibrary	36	331.2842712402344
220	0.9179307316720504	33597	1-Hexadecanoyl-sn-glycerol	PublicSpecLibrary	36	331.2842712402344
220	0.8064347697769977	33892	1-Hexadecanoyl-sn-glycerol	PublicSpecLibrary	36	331.2842712402344
220	0.7524322868742449	34076	1-Hexadecanoyl-sn-glycerol	PublicSpecLibrary	36	331.2842712402344
220	0.918688454347328	34799	1-Hexadecanoyl-sn-glycerol	PublicSpecLibrary	36	331.2842712402344
220	0.839113561679235	34821	1-Hexadecanoyl-sn-glycerol	PublicSpecLibrary	36	331.2842712402344
220	0.7579115075152518	34921	1-Hexadecanoyl-sn-glycerol	PublicSpecLibrary	36	331.2842712402344
220	0.6885765654395545	35548	1-Hexadecanoyl-sn-glycerol	PublicSpecLibrary	36	331.2842712402344
220	0.8361401151273756	35595	1-Hexadecanoyl-sn-glycerol	PublicSpecLibrary	36	331.2842712402344
220	0.662631489662195	37198	1-Hexadecanoyl-sn-glycerol	PublicSpecLibrary	36	331.2842712402344
220	0.8649169296832443	37484	1-Hexadecanoyl-sn-glycerol	PublicSpecLibrary	36	331.2842712402344
35	0.9881603230450952	18652	(2R,3R,4S,5S,6R)-2-[[6-hydroxy-4-(4-hydroxy-3,5-dimethoxyphenyl)-3-(hydroxymethyl)-5,7-dimethoxy-1,2,3,4-tetrahydronaphthalen-2-yl]methoxy]-6-(hydroxymethyl)oxane-3,4,5-triol	PublicSpecLibrary	1	600.2659912109375
35	0.9890722567530824	19133	2-[[7-hydroxy-1-(4-hydroxy-3,5-dimethoxyphenyl)-3-(hydroxymethyl)-6,8-dimethoxy-1,2,3,4-tetrahydronaphthalen-2-yl]methoxy]-6-(hydroxymethyl)oxane-3,4,5-triol	PublicSpecLibrary	1	600.2659912109375
35	0.9871545132260088	19341	2-[[5-(4-hydroxy-3,5-dimethoxyphenyl)-6,7-bis(hydroxymethyl)-1,3-dimethoxy-5,6,7,8-tetrahydronaphthalen-2-yl]oxy]-6-(hydroxymethyl)oxane-3,4,5-triol	PublicSpecLibrary	1	600.2659912109375
35	0.9860003960089456	20696	(2R,3R,4S,5S,6R)-2-[[7-hydroxy-1-(4-hydroxy-3,5-dimethoxyphenyl)-3-(hydroxymethyl)-6,8-dimethoxy-1,2,3,4-tetrahydronaphthalen-2-yl]methoxy]-6-(hydroxymethyl)oxane-3,4,5-triol	PublicSpecLibrary	1	600.2659912109375
35	0.988627420290917	23915	(2R,3R,4S,5S,6R)-2-[[6-hydroxy-4-(4-hydroxy-3,5-dimethoxyphenyl)-3-(hydroxymethyl)-5,7-dimethoxy-1,2,3,4-tetrahydronaphthalen-2-yl]methoxy]-6-(hydroxymethyl)oxane-3,4,5-triol [IIN-based: Match]	PublicSpecLibrary	1	600.2659912109375
35	0.9881596258377636	23962	2-[[5-(4-hydroxy-3,5-dimethoxyphenyl)-6,7-bis(hydroxymethyl)-1,3-dimethoxy-5,6,7,8-tetrahydronaphthalen-2-yl]oxy]-6-(hydroxymethyl)oxane-3,4,5-triol [IIN-based: Match]	PublicSpecLibrary	1	600.2659912109375
35	0.9859659148862824	23991	(2R,3R,4S,5S,6R)-2-[[7-hydroxy-1-(4-hydroxy-3,5-dimethoxyphenyl)-3-(hydroxymethyl)-6,8-dimethoxy-1,2,3,4-tetrahydronaphthalen-2-yl]methoxy]-6-(hydroxymethyl)oxane-3,4,5-triol [IIN-based: Match]	PublicSpecLibrary	1	600.2659912109375
124	0.6522869402939495	385826	Hirsuteine	PublicSpecLibrary	28	367.2088928222656
38	0.6844127402586495	364183	1,5-dimethyl-3-oxidanylidene-2-phenyl-pyrazole-4-carbaldehyde	PublicSpecLibrary	-1	217.10696411132812
38	0.6765390235292323	364185	1,5-dimethyl-3-oxidanylidene-2-phenyl-pyrazole-4-carbaldehyde	PublicSpecLibrary	-1	217.10696411132812
38	0.698058475786332	409951	1,5-dimethyl-3-oxo-2-phenylpyrazole-4-carbaldehyde	PublicSpecLibrary	-1	217.10696411132812
164	0.7834160018435841	24930	8-hydroxy-8-(3-octyloxiran-2-yl)octanoic acid [IIN-based on: CCMSLIB00000846585]	PublicSpecLibrary	5	279.23175048828125
164	0.6545164988335029	32362	9(10)-EpOME	PublicSpecLibrary	5	279.23175048828125
164	0.6720440664100211	32452	9(10)-EpOME	PublicSpecLibrary	5	279.23175048828125
164	0.7830521300493687	33290	Pinolenic acid	PublicSpecLibrary	5	279.23175048828125
164	0.7255146999814455	33897	Pinolenic acid	PublicSpecLibrary	5	279.23175048828125
164	0.7535216767234296	34954	Pinolenic acid	PublicSpecLibrary	5	279.23175048828125
164	0.7882841372622945	35407	12(13)-Epoxy-9Z-octadecenoic acid	PublicSpecLibrary	5	279.23175048828125
164	0.6671898571432348	133268	linolenic acid	PublicSpecLibrary	5	279.23175048828125
164	0.6650684261283747	133313	linolenic acid	PublicSpecLibrary	5	279.23175048828125
164	0.6692244254409492	133358	linolenic acid	PublicSpecLibrary	5	279.23175048828125
164	0.6714417587467684	133402	linolenic acid	PublicSpecLibrary	5	279.23175048828125
164	0.6731464671675208	133447	linolenic acid	PublicSpecLibrary	5	279.23175048828125
164	0.6717175963266977	133493	linolenic acid	PublicSpecLibrary	5	279.23175048828125
164	0.6688017917924075	133539	linolenic acid	PublicSpecLibrary	5	279.23175048828125
164	0.6666457143648767	133585	linolenic acid	PublicSpecLibrary	5	279.23175048828125
164	0.6704165039954537	133631	linolenic acid	PublicSpecLibrary	5	279.23175048828125
164	0.6701269535475541	133677	linolenic acid	PublicSpecLibrary	5	279.23175048828125
164	0.6612341500469294	133722	linolenic acid	PublicSpecLibrary	5	279.23175048828125
164	0.6685870468542707	133767	linolenic acid	PublicSpecLibrary	5	279.23175048828125
164	0.6874562840572059	377306	(6Z,9Z,12Z)-octadeca-6,9,12-trienoic acid	PublicSpecLibrary	5	279.23175048828125
164	0.6828251276823472	377553	(9Z,12Z,15Z)-octadeca-9,12,15-trienoic acid	PublicSpecLibrary	5	279.23175048828125
164	0.7585527604131754	473210	LINOLENIC ACID	PublicSpecLibrary	5	279.23175048828125
55	0.766258377613924	18652	(2R,3R,4S,5S,6R)-2-[[6-hydroxy-4-(4-hydroxy-3,5-dimethoxyphenyl)-3-(hydroxymethyl)-5,7-dimethoxy-1,2,3,4-tetrahydronaphthalen-2-yl]methoxy]-6-(hydroxymethyl)oxane-3,4,5-triol	PublicSpecLibrary	1	600.2713012695312
55	0.7654271662078223	19133	2-[[7-hydroxy-1-(4-hydroxy-3,5-dimethoxyphenyl)-3-(hydroxymethyl)-6,8-dimethoxy-1,2,3,4-tetrahydronaphthalen-2-yl]methoxy]-6-(hydroxymethyl)oxane-3,4,5-triol	PublicSpecLibrary	1	600.2713012695312
55	0.7651197440712108	19341	2-[[5-(4-hydroxy-3,5-dimethoxyphenyl)-6,7-bis(hydroxymethyl)-1,3-dimethoxy-5,6,7,8-tetrahydronaphthalen-2-yl]oxy]-6-(hydroxymethyl)oxane-3,4,5-triol	PublicSpecLibrary	1	600.2713012695312
55	0.7644180444421953	20696	(2R,3R,4S,5S,6R)-2-[[7-hydroxy-1-(4-hydroxy-3,5-dimethoxyphenyl)-3-(hydroxymethyl)-6,8-dimethoxy-1,2,3,4-tetrahydronaphthalen-2-yl]methoxy]-6-(hydroxymethyl)oxane-3,4,5-triol	PublicSpecLibrary	1	600.2713012695312
55	0.7652108428225357	23915	(2R,3R,4S,5S,6R)-2-[[6-hydroxy-4-(4-hydroxy-3,5-dimethoxyphenyl)-3-(hydroxymethyl)-5,7-dimethoxy-1,2,3,4-tetrahydronaphthalen-2-yl]methoxy]-6-(hydroxymethyl)oxane-3,4,5-triol [IIN-based: Match]	PublicSpecLibrary	1	600.2713012695312
55	0.7660509224577025	23962	2-[[5-(4-hydroxy-3,5-dimethoxyphenyl)-6,7-bis(hydroxymethyl)-1,3-dimethoxy-5,6,7,8-tetrahydronaphthalen-2-yl]oxy]-6-(hydroxymethyl)oxane-3,4,5-triol [IIN-based: Match]	PublicSpecLibrary	1	600.2713012695312
55	0.7633072863063093	23991	(2R,3R,4S,5S,6R)-2-[[7-hydroxy-1-(4-hydroxy-3,5-dimethoxyphenyl)-3-(hydroxymethyl)-6,8-dimethoxy-1,2,3,4-tetrahydronaphthalen-2-yl]methoxy]-6-(hydroxymethyl)oxane-3,4,5-triol [IIN-based: Match]	PublicSpecLibrary	1	600.2713012695312
56	0.959862009847788	3745	Loliolide	PublicSpecLibrary	1	197.11721801757812
56	0.7831700638651476	6763	Cyclo(L-Val-L-Pro)	PublicSpecLibrary	1	197.11721801757812
56	0.9498639002489602	124592	Loliolide [IIN-based: Match]	PublicSpecLibrary	1	197.11721801757812
56	0.9498639002489602	124594	Loliolide [IIN-based: Match]	PublicSpecLibrary	1	197.11721801757812
56	0.9486647258047924	124714	Loliolide [IIN-based: Match]	PublicSpecLibrary	1	197.11721801757812
204	0.9887353563082198	33565	Palmitamide	PublicSpecLibrary	8	256.26348876953125
204	0.9771338767036446	34738	Palmitamide	PublicSpecLibrary	8	256.26348876953125
204	0.9608019373829138	35575	Palmitamide	PublicSpecLibrary	8	256.26348876953125
204	0.9829722810235252	35870	Palmitamide	PublicSpecLibrary	8	256.26348876953125
150	0.8148136580163836	3986	13-OxoODE	PublicSpecLibrary	1	295.2266845703125
150	0.8406763829816302	4011	TOP Psoriasis biomarker FeatureID=1247 295.226_C18H30O3_5.47_1247	PublicSpecLibrary	1	295.2266845703125
150	0.928001859433186	33179	9-Oxo-10E,12Z-octadecadienoic acid	PublicSpecLibrary	1	295.2266845703125
150	0.7559391288576481	33254	9-Oxo-10E,12Z-octadecadienoic acid	PublicSpecLibrary	1	295.2266845703125
150	0.8394997845280929	33807	9-Oxo-10E,12Z-octadecadienoic acid	PublicSpecLibrary	1	295.2266845703125
150	0.8907982248754617	33983	9-Oxo-10E,12Z-octadecadienoic acid	PublicSpecLibrary	1	295.2266845703125
150	0.8249536176799781	36025	13-Keto-9Z,11E-octadecadienoic acid	PublicSpecLibrary	1	295.2266845703125
150	0.7276943328506845	37555	13-Keto-9Z,11E-octadecadienoic acid	PublicSpecLibrary	1	295.2266845703125
150	0.8793489141549916	383280	FA 18:3+1O	PublicSpecLibrary	1	295.2266845703125
150	0.8760024764425386	383747	FA 18:3+1O	PublicSpecLibrary	1	295.2266845703125
150	0.6571174453882589	386762	FA 18:3+1O	PublicSpecLibrary	1	295.2266845703125
110	0.7259458164384682	32891	13-Keto-9Z,11E-octadecadienoic acid	PublicSpecLibrary	1	277.21612548828125
110	0.9235718230055998	33119	13S-Hydroxy-9Z,11E,15Z-octadecatrienoic acid	PublicSpecLibrary	1	277.21612548828125
110	0.9277861581669248	33297	9S-Hydroxy-10E,12Z,15Z-octadecatrienoic acid	PublicSpecLibrary	1	277.21612548828125
110	0.9652975605136408	33777	9,12-Octadecadiynoic Acid	PublicSpecLibrary	1	277.21612548828125
110	0.9380879683714852	34652	cis-Parinaric acid	PublicSpecLibrary	1	277.21612548828125
110	0.9523381830700356	35019	13-Keto-9Z,11E-octadecadienoic acid	PublicSpecLibrary	1	277.21612548828125
110	0.858629875735143	35361	9,12-Octadecadiynoic Acid	PublicSpecLibrary	1	277.21612548828125
110	0.9093011468437008	35824	Stearidonic acid	PublicSpecLibrary	1	277.21612548828125
110	0.9301501620382784	36645	13S-Hydroxy-9Z,11E,15Z-octadecatrienoic acid	PublicSpecLibrary	1	277.21612548828125
110	0.9362513868613018	36813	13S-Hydroxy-9Z,11E,15Z-octadecatrienoic acid	PublicSpecLibrary	1	277.21612548828125
110	0.754229293946735	37799	Stearidonic acid	PublicSpecLibrary	1	277.21612548828125
110	0.9350626391069288	380779	FA 18:3+1O	PublicSpecLibrary	1	277.21612548828125
90	0.7347022361728696	32891	13-Keto-9Z,11E-octadecadienoic acid	PublicSpecLibrary	1	277.2161560058594
90	0.9270818289802212	33119	13S-Hydroxy-9Z,11E,15Z-octadecatrienoic acid	PublicSpecLibrary	1	277.2161560058594
90	0.9341057376049986	33297	9S-Hydroxy-10E,12Z,15Z-octadecatrienoic acid	PublicSpecLibrary	1	277.2161560058594
90	0.9731774363633806	33777	9,12-Octadecadiynoic Acid	PublicSpecLibrary	1	277.2161560058594
90	0.9449288738497732	34652	cis-Parinaric acid	PublicSpecLibrary	1	277.2161560058594
90	0.9598984894883812	35019	13-Keto-9Z,11E-octadecadienoic acid	PublicSpecLibrary	1	277.2161560058594
90	0.8659686704475993	35361	9,12-Octadecadiynoic Acid	PublicSpecLibrary	1	277.2161560058594
90	0.9109462433447422	35824	Stearidonic acid	PublicSpecLibrary	1	277.2161560058594
90	0.929538352362132	36645	13S-Hydroxy-9Z,11E,15Z-octadecatrienoic acid	PublicSpecLibrary	1	277.2161560058594
90	0.9406914492014238	36813	13S-Hydroxy-9Z,11E,15Z-octadecatrienoic acid	PublicSpecLibrary	1	277.2161560058594
90	0.7709089885120928	37799	Stearidonic acid	PublicSpecLibrary	1	277.2161560058594
90	0.94084420432855	380779	FA 18:3+1O	PublicSpecLibrary	1	277.2161560058594
102	0.7260207448742491	32891	13-Keto-9Z,11E-octadecadienoic acid	PublicSpecLibrary	1	277.2162170410156
102	0.9316943676264048	33119	13S-Hydroxy-9Z,11E,15Z-octadecatrienoic acid	PublicSpecLibrary	1	277.2162170410156
102	0.9337230939650498	33297	9S-Hydroxy-10E,12Z,15Z-octadecatrienoic acid	PublicSpecLibrary	1	277.2162170410156
102	0.9770989203480134	33777	9,12-Octadecadiynoic Acid	PublicSpecLibrary	1	277.2162170410156
102	0.952657664635735	34652	cis-Parinaric acid	PublicSpecLibrary	1	277.2162170410156
102	0.9625535566419084	35019	13-Keto-9Z,11E-octadecadienoic acid	PublicSpecLibrary	1	277.2162170410156
102	0.8556684177443108	35361	9,12-Octadecadiynoic Acid	PublicSpecLibrary	1	277.2162170410156
102	0.9148833177482608	35824	Stearidonic acid	PublicSpecLibrary	1	277.2162170410156
102	0.9298877847821242	36645	13S-Hydroxy-9Z,11E,15Z-octadecatrienoic acid	PublicSpecLibrary	1	277.2162170410156
102	0.9475997604261532	36813	13S-Hydroxy-9Z,11E,15Z-octadecatrienoic acid	PublicSpecLibrary	1	277.2162170410156
102	0.7564367719565152	37799	Stearidonic acid	PublicSpecLibrary	1	277.2162170410156
102	0.948601856250926	380779	FA 18:3+1O	PublicSpecLibrary	1	277.2162170410156
142	0.8789199582816221	24930	8-hydroxy-8-(3-octyloxiran-2-yl)octanoic acid [IIN-based on: CCMSLIB00000846585]	PublicSpecLibrary	5	279.231689453125
142	0.8468584429405646	32362	9(10)-EpOME	PublicSpecLibrary	5	279.231689453125
142	0.6552286039283348	32408	Pinolenic acid	PublicSpecLibrary	5	279.231689453125
142	0.9052249941403038	32452	9(10)-EpOME	PublicSpecLibrary	5	279.231689453125
142	0.6951933384186912	33290	Pinolenic acid	PublicSpecLibrary	5	279.231689453125
142	0.744100439239682	33897	Pinolenic acid	PublicSpecLibrary	5	279.231689453125
142	0.7996139731336498	34687	12(13)-Epoxy-9Z-octadecenoic acid	PublicSpecLibrary	5	279.231689453125
142	0.7687170990422202	34954	Pinolenic acid	PublicSpecLibrary	5	279.231689453125
142	0.7924877696631528	35407	12(13)-Epoxy-9Z-octadecenoic acid	PublicSpecLibrary	5	279.231689453125
142	0.8158966947154607	35458	12(13)-Epoxy-9Z-octadecenoic acid	PublicSpecLibrary	5	279.231689453125
142	0.7394939488698515	96157	gamma-linolenic acid	PublicSpecLibrary	5	279.231689453125
142	0.7142762595880884	133813	linolenic acid	PublicSpecLibrary	5	279.231689453125
142	0.7457015562008736	133858	linolenic acid	PublicSpecLibrary	5	279.231689453125
142	0.7495638253923307	133904	linolenic acid	PublicSpecLibrary	5	279.231689453125
142	0.676624354829569	133950	linolenic acid	PublicSpecLibrary	5	279.231689453125
142	0.7089308526913533	133995	linolenic acid	PublicSpecLibrary	5	279.231689453125
142	0.690224562847267	134041	linolenic acid	PublicSpecLibrary	5	279.231689453125
142	0.7000007628286168	134086	linolenic acid	PublicSpecLibrary	5	279.231689453125
142	0.6548136500718121	134131	linolenic acid	PublicSpecLibrary	5	279.231689453125
142	0.6843714749424413	134177	linolenic acid	PublicSpecLibrary	5	279.231689453125
142	0.6849800964154562	134267	linolenic acid	PublicSpecLibrary	5	279.231689453125
142	0.6892457326876706	134312	linolenic acid	PublicSpecLibrary	5	279.231689453125
142	0.7378211668726776	376760	(6Z,9Z,12Z)-octadeca-6,9,12-trienoic acid	PublicSpecLibrary	5	279.231689453125
142	0.8894108681352592	377370	(9Z,12Z,15Z)-octadeca-9,12,15-trienoic acid	PublicSpecLibrary	5	279.231689453125
259	0.778195030133342	32190	(+)-4-Cholesten-3-one	PublicSpecLibrary	1	385.3466491699219
259	0.8178407311896861	34662	(+)-4-Cholesten-3-one	PublicSpecLibrary	1	385.3466491699219
259	0.722065568255248	39062	DESMOSTEROL	PublicSpecLibrary	1	385.3466491699219
259	0.964692109262688	103746	DESMOSTEROL CollisionEnergy:102040	PublicSpecLibrary	1	385.3466491699219
259	0.964692109262688	106943	25-Hydroxycholesterol CollisionEnergy:102040	PublicSpecLibrary	1	385.3466491699219
259	0.7942680139249163	115086	DESMOSTEROL CollisionEnergy:205060	PublicSpecLibrary	1	385.3466491699219
259	0.7942680139249163	118270	25-Hydroxycholesterol CollisionEnergy:205060	PublicSpecLibrary	1	385.3466491699219
259	0.8873938469316256	473181	VITAMIN D3	PublicSpecLibrary	1	385.3466491699219
259	0.740361975351565	473867	VITAMIN D3	PublicSpecLibrary	1	385.3466491699219
259	0.925695038474752	483661	Vitamin D3	PublicSpecLibrary	1	385.3466491699219
259	0.6717739203343223	488065	Cholecalciferol - 40.0 eV	PublicSpecLibrary	1	385.3466491699219
259	0.7026772366781661	488066	Cholecalciferol - 40.0 eV	PublicSpecLibrary	1	385.3466491699219
259	0.6759247810414951	488067	Cholecalciferol - 40.0 eV	PublicSpecLibrary	1	385.3466491699219
259	0.6685914810260691	488068	Cholecalciferol - 40.0 eV	PublicSpecLibrary	1	385.3466491699219
259	0.6500975845825057	488069	Cholecalciferol - 40.0 eV	PublicSpecLibrary	1	385.3466491699219
141	0.8013904646550519	13791	TerbinafineHCl	PublicSpecLibrary	1	293.21112060546875
141	0.8872201943061155	36922	trans-EKODE-(E)-Ib	PublicSpecLibrary	1	293.21112060546875
141	0.9193174547283528	384494	FA 18:3+1O	PublicSpecLibrary	1	293.21112060546875
101	0.7299532366597837	4011	TOP Psoriasis biomarker FeatureID=1247 295.226_C18H30O3_5.47_1247	PublicSpecLibrary	1	295.22674560546875
101	0.755831808972944	33179	9-Oxo-10E,12Z-octadecadienoic acid	PublicSpecLibrary	1	295.22674560546875
101	0.651936003156221	33254	9-Oxo-10E,12Z-octadecadienoic acid	PublicSpecLibrary	1	295.22674560546875
101	0.6627305133285909	33807	9-Oxo-10E,12Z-octadecadienoic acid	PublicSpecLibrary	1	295.22674560546875
101	0.7447225787934519	33983	9-Oxo-10E,12Z-octadecadienoic acid	PublicSpecLibrary	1	295.22674560546875
101	0.674340124240941	36025	13-Keto-9Z,11E-octadecadienoic acid	PublicSpecLibrary	1	295.22674560546875
101	0.7306781323173944	383280	FA 18:3+1O	PublicSpecLibrary	1	295.22674560546875
101	0.7210018833918308	383747	FA 18:3+1O	PublicSpecLibrary	1	295.22674560546875
101	0.7373311271934868	385437	FA 18:2+1O	PublicSpecLibrary	1	295.22674560546875
101	0.7685238748994514	437376	9-hydroxy-10,12-octadecadienoic acid	PublicSpecLibrary	1	295.22674560546875
101	0.6711615097397403	437377	9-hydroxy-10,12-octadecadienoic acid	PublicSpecLibrary	1	295.22674560546875
243	0.6695468320796034	122789	Arg-C17:0	PublicSpecLibrary	13	427.3567504882813
235	0.8363444432060076	29345	B10A30 Faulkner legacy library looks like sterol or lipid needs to be verified	PublicSpecLibrary	1	395.3670959472656
117	0.6904026836768259	36639	Vinpocetine	PublicSpecLibrary	28	351.21380615234375
117	0.7768257882385278	101429	vinpocetine CollisionEnergy:102040	PublicSpecLibrary	28	351.21380615234375
117	0.7197357512373992	112770	vinpocetine CollisionEnergy:205060	PublicSpecLibrary	28	351.21380615234375
97	0.8934511277586358	39470	hyocholic acid	PublicSpecLibrary	14	158.15396118164062
